productid,category,groupid,name,alternate,price,color1,color2,color3,color4,color5,image1,image2,image3,image4,image5,country,city,state,timing,also_appears_in_category
com.flashforceapp.whitesoxdefault,American Pro âš¾ ,1,Chicago (South),Home,0.99,000000,C0C0C0,,,,,,,,,USA,Chicago,Illinois,6_4,
com.flashforceapp.whitesoxaway,American Pro âš¾ ,1,Chicago (South),Away,0.99,CCCCCC,FFFFFF,000000,,,,,,,,USA,Chicago,Illinois,6_4_2,
com.flashforceapp.whitesoxbluered,American Pro âš¾ ,1,Chicago (South),Blue Red Alternate,0.99,003366,CC3333,FFFFFF,,,,,,,,USA,Chicago,Illinois,6_4_2,
com.flashforceapp.whitesoxblackwhite,American Pro âš¾ ,1,Chicago (South),Black Alternate,0.99,000000,FFFFFF,C0C0C0,,,,,,,,,,,6_4_2,
com.flashforceapp.oriolesdefault,American Pro âš¾ ,2,Baltimore,Home,0.99,FFFFFF,ed4c09,000000,,,,,,,,USA,Baltimore,Maryland,6_4_2,
com.flashforceapp.oriolesaway,American Pro âš¾ ,2,Baltimore,Away Gray,0.99,A4AAAC,ed4c09,000000,,,,,,,,USA,Baltimore,Maryland,6_4_2,
com.flashforceapp.oriolesorange,American Pro âš¾ ,2,Baltimore,Orange Alternate,0.99,ed4c09,000000,FFFFFF,,,,,,,,USA,Baltimore,Maryland,6_4_2,
com.flashforceapp.oriolesblack,American Pro âš¾ ,2,Baltimore,Black Alternate,0.99,FFFFFF,ed4c09,,,,,,,,,USA,Baltimore,Maryland,6_4,
com.flashforceapp.dodgersdefault,American Pro âš¾ ,3,Los Angeles,Home,0.99,FFFFFF,1E90FF,,,,,,,,,USA,Los Angeles,California,6_4,
com.flashforceapp.dodgersaway,American Pro âš¾ ,3,Los Angeles,Away,0.99,003366,1E90FF,,,,,,,,,,,,6_4,
com.flashforceapp.yankeesdefault,American Pro âš¾ ,4,New York (Bronx),Home,0.99,FFFFFF,1C2841,,,,,,,,,USA,New York,New York,6_4,
com.flashforceapp.yankeesaway,American Pro âš¾ ,4,New York (Bronx),Away,0.99,808080,1C2841,FFFFFF,,,,,,,,,,,6_4_2,
com.flashforceapp.diamondbacksdefault,American Pro âš¾ ,5,Arizona,Home,0.99,FFFFFF,A71930,DBCEAC,,,,,,,,USA,,Arizona,6_4_2,
com.flashforceapp.diamondbacksaway,American Pro âš¾ ,5,Arizona,Away,0.99,808080,A71930,DBCEAC,,,,,,,,,,,6_4_2,
com.flashforceapp.diamondbacksalt1,American Pro âš¾ ,5,Arizona,Red Alternate,0.99,A71930,DBCEAC,000000,,,,,,,,,,,6_4_2,
com.flashforceapp.diamondbacksal2,American Pro âš¾ ,5,Arizona,Black Alternate,0.99,000000,A71930,DBCEAC,,,,,,,,,,,6_4_2_2,
com.flashforceapp.rangersdefault,American Pro âš¾ ,6,Texas,Home,0.99,FFFFFF,003279,BD1021,,,,,,,,USA,,Texas,6_4_2,
com.flashforceapp.rangersaway,American Pro âš¾ ,6,Texas,Away,0.99,808080,003279,BD1021,,,,,,,,,,,6_4_2,
com.flashforceapp.rangersalt1,American Pro âš¾ ,6,Texas,Red Alternate,0.99,BD1021,FFFFFF,003279,,,,,,,,,,,6_4_2,
com.flashforceapp.rangersal2,American Pro âš¾ ,6,Texas,Blue Alternate,0.99,003279,FFFFFF,BD1021,,,,,,,,,,,6_4_2,
com.flashforceapp.padresdefault,American Pro âš¾ ,7,San Diego,Home,0.99,FFFFFF,002147,B4A76C,,,,,,,,USA,San Diego,California,6_4_2,
com.flashforceapp.padresaway,American Pro âš¾ ,7,San Diego,Away,0.99,808080,002147,FFFFFF,,,,,,,,,,,6_4_2,
com.flashforceapp.padresalt1,American Pro âš¾ ,7,San Diego,Blue Alternate,0.99,002147,FFFFFF,,,,,,,,,,,,6_4,
com.flashforceapp.padresal2,American Pro âš¾ ,7,San Diego,Sand Alternate,0.99,B4A76C,FFFFFF,,,,,,,,,,,,6_4,
com.flashforceapp.raysdefault,American Pro âš¾ ,8,Tampa Bay,Home,0.99,FFFFFF,00285D,9ECEEE,ffd700,,,,,,,USA,Tampa,Florida,6_4_2_2,
com.flashforceapp.raysaway,American Pro âš¾ ,8,Tampa Bay,Away,0.99,808080,00285D,FFFFFF,9ECEEE,ffd700,,,,,,,,,6_4_2_2_2,
com.flashforceapp.raysalt1,American Pro âš¾ ,8,Tampa Bay,Throwback,0.99,00285D,9ECEEE,ffd700,,,,,,,,,,,6_4_2,
com.flashforceapp.raysalt2,American Pro âš¾ ,8,Tampa Bay,Blue Alternate,0.99,00285D,000000,FFFFFF,9ECEEE,,,,,,,,,,6_4_2_2_2,
com.flashforceapp.raysalt3,American Pro âš¾ ,8,Tampa Bay,Lt Blue Alternate,0.99,9ECEEE,000000,00285D,FFFFFF,,,,,,,,,,6_4_2_2,
com.flashforceapp.bluejaysdefault,American Pro âš¾ ,9,Toronto,Home,0.99,FFFFFF,003DA5,041E42,DA291C,,,,,,,Canada,Toronta,Ontario,6_4_2_2,
com.flashforceapp.bluejaysaway,American Pro âš¾ ,9,Toronto,Away,0.99,808080,003DA5,041E42,DA291C,,,,,,,,,,6_4_2_2,
com.flashforceapp.bluejaysalt1,American Pro âš¾ ,9,Toronto,Blue Alternate,0.99,003DA5,FFFFFF,041E42,DA291C,,,,,,,,,,6_4_2_2,
com.flashforceapp.angelsdefault,American Pro âš¾ ,10,Anaheim,Home,0.99,FFFFFF,B71234,002244,,,,,,,,USA,Los Angeles,California,6_4_2,
com.flashforceapp.angelsaway,American Pro âš¾ ,10,Anaheim,Away,0.99,808080,B71234,002244,FFFFFF,,,,,,,,,,6_4_2_2,
com.flashforceapp.angelsalt1,American Pro âš¾ ,10,Anaheim,Red Alternate,0.99,B71234,FFFFFF,002244,,,,,,,,,,,6_4_2,
com.flashforceapp.cubsdefault,American Pro âš¾ ,11,Chicago (North),Home,0.99,003279,FFFFFF,CC0033,,,,,,,,USA,Chicago,Illinois,6_4_2,
com.flashforceapp.cubsaway,American Pro âš¾ ,11,Chicago (North),Away,0.99,808080,003279,CC0033,,,,,,,,,,,6_4_2,
com.flashforceapp.cubsalt1,American Pro âš¾ ,11,Chicago (North),Blue Alternate,0.99,003279,808080,CC0033,,,,,,,,,,,6_4_2,
com.flashforceapp.rockiesdefault,American Pro âš¾ ,12,Colorado,Home,0.99,FFFFFF,000000,333366,C0C0C0,,,,,,,USA,,Colorado,6_4_2_2,
com.flashforceapp.rockiesaway,American Pro âš¾ ,12,Colorado,Away,0.99,808080,333366,000000,FFFFFF,,,,,,,,,,6_4_2_2_2,
com.flashforceapp.rockiesalt1,American Pro âš¾ ,12,Colorado,Blue Alternate,0.99,333366,FFFFFF,000000,C0C0C0,,,,,,,,,,6_4_2_2_2,
com.flashforceapp.rockiesalt2,American Pro âš¾ ,12,Colorado,Black Alternate,0.99,000000,FFFFFF,333366,C0C0C0,,,,,,,,,,6_4_2_2,
com.flashforceapp.astrosdefault,American Pro âš¾ ,13,Houston,Home,0.99,FFFFFF,072854,FF7F00,,,,,,,,USA,Houston,Texas,6_4_2,
com.flashforceapp.astrosaway,American Pro âš¾ ,13,Houston,Away,0.99,808080,072854,FF7F00,,,,,,,,,,,6_4_2,
com.flashforceapp.astrosalt1,American Pro âš¾ ,13,Houston,Orange Alternate,0.99,072854,FF7F00,FFFFFF,,,,,,,,,,,6_4_2_2,
com.flashforceapp.redsoxdefault,American Pro âš¾ ,14,Boston,Home,0.99,FFFFFF,C60C30,002244,,,,,,,,USA,Boston,Massachusetts,6_4_2,
com.flashforceapp.redsoxaway,American Pro âš¾ ,14,Boston,Away,0.99,808080,C60C30,002244,,,,,,,,,,,6_4_2,
com.flashforceapp.redsoxalt1,American Pro âš¾ ,14,Boston,Red Alternate,0.99,C60C30,002244,FFFFFF,,,,,,,,,,,6_4_2,
com.flashforceapp.redsoxalt2,American Pro âš¾ ,14,Boston,Blue Alternate,0.99,002244,C60C30,FFFFFF,,,,,,,,,,,6_4_2,
com.flashforceapp.brewersdefault,American Pro âš¾ ,15,Milwaukee,Home,0.99,FFFFFF,182B49,92754C,,,,,,,,USA,Milwaukee,Wisconsin,6_4_2,
com.flashforceapp.brewersaway,American Pro âš¾ ,15,Milwaukee,Away,0.99,808080,182B49,92754C,,,,,,,,,,,6_4_2,
com.flashforceapp.brewersalt1,American Pro âš¾ ,15,Milwaukee,Gold Alternate,0.99,92754C,182B49,FFFFFF,,,,,,,,,,,6_4_2_2,
com.flashforceapp.brewersal2,American Pro âš¾ ,15,Milwaukee,Blue Alternate,0.99,182B49,FFFFFF,92754C,,,,,,,,,,,6_4_2,
com.flashforceapp.brewersalt4,American Pro âš¾ ,15,Milwaukee,Striped,0.99,74b0e6,FFFFFF,92754C,,,,,,,,,,,6_4_2,
com.flashforceapp.indiansdefault,American Pro âš¾ ,16,Cleveland,Home,0.99,FFFFFF,d30335,003366,,,,,,,,USA,Cleveland,Ohio,6_4_2_2,
com.flashforceapp.indiansaway,American Pro âš¾ ,16,Cleveland,Away,0.99,808080,003366,d30335,,,,,,,,,,,6_4_2,
com.flashforceapp.indiansalt1,American Pro âš¾ ,16,Cleveland,Red Alternate,0.99,f3f0dd,d30335,003366,,,,,,,,,,,6_4_2,
com.flashforceapp.indiansalt2,American Pro âš¾ ,16,Cleveland,Blue Alternate,0.99,003366,d30335,FFFFFF,,,,,,,,,,,6_4_2_2,
com.flashforceapp.royalsdefault,American Pro âš¾ ,17,Kansas City,Home,0.99,FFFFFF,15317E,,,,,,,,,USA,Kansas City,Missouri,6_4,
com.flashforceapp.royalsaway,American Pro âš¾ ,17,Kansas City,Away,0.99,808080,15317E,FFFFFF,,,,,,,,,,,6_4_2,
com.flashforceapp.royalsalt1,American Pro âš¾ ,17,Kansas City,Lt Blue Alternate,0.99,74B4FA,FFFFFF,15317E,,,,,,,,,,,6_4_2,
com.flashforceapp.royalsalt2,American Pro âš¾ ,17,Kansas City,Blue Alternate,0.99,15317E,808080,74B4FA,FFFFFF,,,,,,,,,,6_4_2_2,
com.flashforceapp.stcardinalsdefault,American Pro âš¾ ,18,St Louis,Home,0.99,FFFFFF,c41e3a,0A2252,FEDB00,,,,,,,USA,St Louis,Missouri,6_4_2_2,
com.flashforceapp.stcardinalsaway,American Pro âš¾ ,18,St Louis,Away,0.99,808080,c41e3a,0A2252,FEDB00,,,,,,,,,,6_4_2_2,
com.flashforceapp.stcardinalsalt1,American Pro âš¾ ,18,St Louis,Off White,0.99,f3f0dd,c41e3a,0A2252,FEDB00,,,,,,,,,,6_4_2_2,
com.flashforceapp.marinersdefault,American Pro âš¾ ,19,Seattle,Home,0.99,FFFFFF,0C2C56,005C5C,C0C0C0,,,,,,,USA,Seattle,Washington,6_4_2_2,
com.flashforceapp.marinersaway,American Pro âš¾ ,19,Seattle,Away,0.99,808080,0C2C56,005C5C,C0C0C0,,,,,,,,,,6_4_2_2,
com.flashforceapp.marinersalt1,American Pro âš¾ ,19,Seattle,Sunday Home,0.99,eee8c5,002c76,ffcd20,,,,,,,,,,,6_4_2,
com.flashforceapp.marinersgreen,American Pro âš¾ ,19,Seattle,Green Alternate,0.99,005C5C,0C2C56,C0C0C0,,,,,,,,,,,6_4_2_2,
com.flashforceapp.marinersblue,American Pro âš¾ ,19,Seattle,Blue Alternate,0.99,0C2C56,005C5C,FFFFFF,,,,,,,,,,,6_4_2_2,
com.flashforceapp.philliesdefault,American Pro âš¾ ,20,Philadelphia,Home,0.99,BA0C2F,FFFFFF,003087,,,,,,,,USA,Philadephia,Pennsylvania,6_4_2,
com.flashforceapp.philliesaway,American Pro âš¾ ,20,Philadelphia,Away,0.99,808080,BA0C2F,FFFFFF,003087,,,,,,,,,,6_4_2_2,
com.flashforceapp.philliesalt1,American Pro âš¾ ,20,Philadelphia,Cream,0.99,fffaec,d31145,00529b,,,,,,,,,,,6_4_2,
com.flashforceapp.metsdefault,American Pro âš¾ ,21,New York (Queens),Home,0.99,002C77,FB4F14,FFFFFF,,,,,,,,USA,New York,New York,6_4_2_2,
com.flashforceapp.metsaway,American Pro âš¾ ,21,New York (Queens),Away,0.99,808080,002C77,FB4F14,,,,,,,,,,,6_4_2,
com.flashforceapp.metsalt1,American Pro âš¾ ,21,New York (Queens),Blue Alternate,0.99,002C77,FB4F14,FFFFFF,,,,,,,,,,,6_4_2_2,
com.flashforceapp.metsalt2,American Pro âš¾ ,21,New York (Queens),Blue Gray,0.99,002C77,808080,FB4F14,,,,,,,,,,,6_4_2,
com.flashforceapp.metsalt3,American Pro âš¾ ,21,New York (Queens),Brown Alternate,0.99,B4A76C,002C77,FB4F14,,,,,,,,,,,6_4_2_2,
com.flashforceapp.bravesdefault,American Pro âš¾ ,22,Atlanta,Home,0.99,FFFFFF,B71234,002F5F,,,,,,,,USA,Atlanta,Georgia,6_4_2_2,
com.flashforceapp.bravesaway,American Pro âš¾ ,22,Atlanta,Away,0.99,808080,B71234,002F5F,,,,,,,,,,,6_4_2_2,
com.flashforceapp.bravesalt1,American Pro âš¾ ,22,Atlanta,Cream,0.99,fffaec,B71234,002F5F,,,,,,,,,,,6_4_2,
com.flashforceapp.bravesalt2,American Pro âš¾ ,22,Atlanta,Red Alternate,0.99,B71234,002F5F,FFFFFF,,,,,,,,,,,6_4_2_2,
com.flashforceapp.bravesalt3,American Pro âš¾ ,22,Atlanta,Blue Alternate,0.99,002F5F,808080,FFFFFF,,,,,,,,,,,6_4_2,
com.flashforceapp.athleticsdefault,American Pro âš¾ ,23,Oakland,Home,0.99,FFFFFF,003831,FFD800,,,,,,,,USA,Oakland,California,6_4_2,
com.flashforceapp.athleticsaway,American Pro âš¾ ,23,Oakland,Away,0.99,808080,003831,FFD800,,,,,,,,,,,6_4_2,
com.flashforceapp.athleticsalt1,American Pro âš¾ ,23,Oakland,Yellow Alternate,0.99,FFD800,003831,FFFFFF,,,,,,,,,,,6_4_2_2,
com.flashforceapp.athleticsalt2,American Pro âš¾ ,23,Oakland,Green Alternate,0.99,003831,FFFFFF,FFD800,,,,,,,,,,,6_4_2,
com.flashforceapp.sfgiantsdefault,American Pro âš¾ ,24,San Francisco,Home,0.99,FFFDD0,000000,F2552C,,,,,,,,USA,San Francisco,California,6_4_2,
com.flashforceapp.sfgiantsaway,American Pro âš¾ ,24,San Francisco,Away,0.99,808080,000000,F2552C,,,,,,,,,,,6_4_2,
com.flashforceapp.sfgiantsalt1,American Pro âš¾ ,24,San Francisco,Orange Alternate,0.99,F2552C,000000,FFFDD0,,,,,,,,,,,6_4_2_2,
com.flashforceapp.sfgiantsalt2,American Pro âš¾ ,24,San Francisco,Black Alternate,0.99,000000,F2552C,,,,,,,,,,,,6_4_2,
com.flashforceapp.sfgiantsalt3,American Pro âš¾ ,24,San Francisco,Gray Alternate,0.99,808080,F2552C,000000,,,,,,,,,,,6_4_2_2,
com.flashforceapp.nationalsdefault,American Pro âš¾ ,25,Washington,Home,0.99,FFFFFF,BA122B,11225B,,,,,,,,USA,Washington,DC,6_4_2,
com.flashforceapp.nationalsaway,American Pro âš¾ ,25,Washington,Away,0.99,808080,BA122B,11225B,FFFFFF,,,,,,,,,,6_4_2_2,
com.flashforceapp.nationalsalt1,American Pro âš¾ ,25,Washington,Red Alternate,0.99,BA122B,FFFFFF,11225B,,,,,,,,,,,6_4_2,
com.flashforceapp.nationalsalt2,American Pro âš¾ ,25,Washington,Blue Alternate,0.99,11225B,BA122B,FFFFFF,,,,,,,,,,,6_4_2_2,
com.flashforceapp.marlinsdefault,American Pro âš¾ ,26,Miami,Home,0.99,FFFFFF,F9423A,8A8D8F,0077C8,FFD100,,,,,,USA,Miami,Florida,6_4_2_2_2,
com.flashforceapp.marlinsaway,American Pro âš¾ ,26,Miami,Away,0.99,808080,F9423A,8A8D8F,0077C8,FFD100,,,,,,,,,6_4_2_2_2,
com.flashforceapp.marlinsalt1,American Pro âš¾ ,26,Miami,Black Alternate,0.99,000000,F9423A,8A8D8F,0077C8,FFD100,,,,,,,,,6_4_2_2_2,
com.flashforceapp.marlinsalt2,American Pro âš¾ ,26,Miami,Red Alternate,0.99,F9423A,FFFFFF,8A8D8F,0077C8,FFD100,,,,,,,,,6_4_2_2_2,
com.flashforceapp.tigersdefault,American Pro âš¾ ,27,Detroit,Home,0.99,FFFFFF,001742,DE4406,,,,,,,,USA,Detroit,Michigan,6_4_2,
com.flashforceapp.tigersaway,American Pro âš¾ ,27,Detroit,Away,0.99,808080,001742,DE4406,,,,,,,,,,,6_4_2,
com.flashforceapp.piratesdefault,American Pro âš¾ ,28,Pittsburgh,Home,0.99,FFFFFF,000000,fdb829,,,,,,,,USA,Pittsburgh,Pennsylvania,6_4_2,
com.flashforceapp.piratesaway,American Pro âš¾ ,28,Pittsburgh,Away,0.99,808080,000000,fdb829,,,,,,,,,,,6_4_2,
com.flashforceapp.piratesalt1,American Pro âš¾ ,28,Pittsburgh,White Alternate,0.99,FFFFFF,fdb829,000000,,,,,,,,,,,6_4_2,
com.flashforceapp.piratesalt2,American Pro âš¾ ,28,Pittsburgh,Black Alternate,0.99,000000,fdb829,FFFFFF,,,,,,,,,,,6_4_2_2,
com.flashforceapp.piratesalt3,American Pro âš¾ ,28,Pittsburgh,Brown Alternate,0.99,B4A76C,000000,fdb829,,,,,,,,,,,6_4_2_2,
com.flashforceapp.twinsdefault,American Pro âš¾ ,29,Minnesota,Home,0.99,FFFFFF,072754,C6011F,CFAB7A,,,,,,,USA,,Minnesota,6_4_2_2,
com.flashforceapp.twinsaway,American Pro âš¾ ,29,Minnesota,Away,0.99,808080,072754,C6011F,,,,,,,,,,,6_4_2,
com.flashforceapp.twinsalt1,American Pro âš¾ ,29,Minnesota,Striped Cream,0.99,fffaec,072754,000000,C6011F,,,,,,,,,,6_4_2_2,
com.flashforceapp.twinsalt2,American Pro âš¾ ,29,Minnesota,Blue Alternate,0.99,072754,C6011F,FFFFFF,,,,,,,,,,,6_4_2_2,
com.flashforceapp.redsdefault,American Pro âš¾ ,30,Cincinnati,Home,0.99,FFFFFF,C6011F,000000,,,,,,,,USA,Cincinatti,Ohio,6_4_2,
com.flashforceapp.redsaway,American Pro âš¾ ,30,Cincinnati,Away,0.99,808080,C6011F,FFFFFF,000000,,,,,,,,,,6_4_2_2,
com.flashforceapp.redsalt1,American Pro âš¾ ,30,Cincinnati,Red Alternate,0.99,C6011F,FFFFFF,000000,,,,,,,,,,,6_4_2,
com.flashforceapp.sharksdefault,NA Pro Hockey,31,San Jose,Home,0.99,05535D,000000,FFFFFF,F38F20,,,,,,,USA,San Jose,California,6_4_2_2,
com.flashforceapp.sharksaway,NA Pro Hockey,31,San Jose,Away,0.99,FFFFFF,05535D,000000,F38F20,,,,,,,,,,6_4_2_2_2,
com.flashforceapp.sharksalt1,NA Pro Hockey,31,San Jose,Black Alternate,0.99,000000,05535D,FFFFFF,F38F20,,,,,,,,,,6_4_2_2,
com.flashforceapp.redwingsdefault,NA Pro Hockey,32,Detroit,Home,0.99,EC1F26,FFFFFF,,,,,,,,,USA,Detroit,Michigan,6_4,
com.flashforceapp.redwingsaway,NA Pro Hockey,32,Detroit,Away,0.99,FFFFFF,EC1F26,,,,,,,,,,,,6_4,
com.flashforceapp.predatorsdefault,NA Pro Hockey,33,Nashville,Home,0.99,FDBB2F,002E62,FFFFFF,,,,,,,,USA,Nashville,Tennessee,6_4_2,
com.flashforceapp.predatorsaway,NA Pro Hockey,33,Nashville,Away,0.99,FFFFFF,FDBB2F,002E62,,,,,,,,,,,6_4_2,
com.flashforceapp.hurricanesdefault,NA Pro Hockey,34,Carolina,Home,0.99,E03A3E,000000,FFFFFF,,,,,,,,USA,Charlotte,North Carolina,6_4_2,
com.flashforceapp.hurricanesaway,NA Pro Hockey,34,Carolina,Away,0.99,FFFFFF,E03A3E,000000,,,,,,,,,,,6_4_2,
com.flashforceapp.hurricanesalt1,NA Pro Hockey,34,Carolina,Black Alternate,0.99,000000,E03A3E,8E8E90,,,,,,,,,,,6_4_2,
com.flashforceapp.bruinsdefault,NA Pro Hockey,35,Boston,Home,0.99,000000,FFC422,FFFFFF,,,,,,,,USA,Boston,Massachusetts,6_4_2,
com.flashforceapp.bruinsaway,NA Pro Hockey,35,Boston,Away,0.99,FFFFFF,000000,FFC422,,,,,,,,,,,6_4_2,
com.flashforceapp.bruinsalt1,NA Pro Hockey,35,Boston,Black Alternate,0.99,000000,FFC422,FFFFFF,,,,,,,,,,,6_4_2,
com.flashforceapp.bluejacketsdefault,NA Pro Hockey,36,Columbus,Home,0.99,00285C,E03A3E,FFFFFF,A9B0B8,,,,,,,USA,Columbus,Ohio,6_4_2_2,
com.flashforceapp.bluejacketsaway,NA Pro Hockey,36,Columbus,Away,0.99,FFFFFF,E03A3E,00285C,A9B0B8,,,,,,,,,,6_4_2_2,
com.flashforceapp.bluejacketsalt1,NA Pro Hockey,36,Columbus,Blue Alternate,0.99,232a56,3e6296,FFFFFF,999a9f,,,,,,,,,,6_4_2_2,
com.flashforceapp.flpanthersdefault,NA Pro Hockey,37,Florida,Home,0.99,C8213F,002E5F,D59C05,FFFFFF,,,,,,,USA,,Florida,6_4_2_2,
com.flashforceapp.flpanthersaway,NA Pro Hockey,37,Florida,Away,0.99,FFFFFF,C8213F,002E5F,D59C05,,,,,,,,,,6_4_2_2_2,
com.flashforceapp.ducksdefault,NA Pro Hockey,38,Anaheim,Home,0.99,000000,91764B,EF5225,FFFFFF,,,,,,,USA,Anaheim,California,6_4_2_2,
com.flashforceapp.ducksaway,NA Pro Hockey,38,Anaheim,Away,0.99,FFFFFF,000000,91764B,EF5225,,,,,,,,,,6_4_2_2,
com.flashforceapp.sabresdefault,NA Pro Hockey,39,Buffalo,Home,0.99,002E62,FDBB2F,AEB6B9,FFFFFF,,,,,,,USA,Buffalo,New York,6_4_2_2,
com.flashforceapp.sabresaway,NA Pro Hockey,39,Buffalo,Away,0.99,FFFFFF,002E62,FDBB2F,AEB6B9,,,,,,,,,,6_4_2_2,
com.flashforceapp.sabresalt1,NA Pro Hockey,39,Buffalo,Yellow Alternate,0.99,FDBB2F,002E62,AEB6B9,FFFFFF,,,,,,,,,,6_4_2_2,
com.flashforceapp.canadiensdefault,NA Pro Hockey,40,Montreal,Home,0.99,BF2F38,213770,FFFFFF,,,,,,,,Canada,Montreal,Quebec,6_4_2,
com.flashforceapp.canadiensaway,NA Pro Hockey,40,Montreal,Away,0.99,FFFFFF,BF2F38,213770,,,,,,,,,,,6_4_2,
com.flashforceapp.oilsdefault,NA Pro Hockey,41,Edmonton,Home,0.99,003777,E66A20,FFFFFF,,,,,,,,Canada,Edmonton,Alberta,6_4_2,
com.flashforceapp.oilsaway,NA Pro Hockey,41,Edmonton,Away,0.99,FFFFFF,003777,E66A20,,,,,,,,,,,6_4_2,
com.flashforceapp.penguinsdefault,NA Pro Hockey,42,Pittsburgh,Home,0.99,000000,D1BD80,FFFFFF,,,,,,,,USA,Pittsburgh,Pennsylvania,6_4_2,
com.flashforceapp.penguinsaway,NA Pro Hockey,42,Pittsburgh,Away,0.99,FFFFFF,000000,D1BD80,,,,,,,,,,,6_4_2,
com.flashforceapp.pengiunsalt1,NA Pro Hockey,42,Pittsburgh,Yellow Alternate,0.99,000000,fdab00,FFFFFF,e9d46b,,,,,,,,,,6_4_2_2,
com.flashforceapp.nyrangersdefault,NA Pro Hockey,43,New York (Manhattan),Home,0.99,0161AB,E6393F,FFFFFF,,,,,,,,USA,New York,New York,6_4_2,
com.flashforceapp.nyrangersaway,NA Pro Hockey,43,New York (Manhattan),Away,0.99,FFFFFF,E6393F,0161AB,,,,,,,,,,,6_4_2,
com.flashforceapp.nyrangersalt1,NA Pro Hockey,43,New York (Manhattan),Black Alternate,0.99,000000,E6393F,FFFFFF,,,,,,,,,,,6_4_2,
com.flashforceapp.capitalsdefault,NA Pro Hockey,44,Washington DC,Home,0.99,CF132B,000000,00214E,FFFFFF,,,,,,,USA,Washington,DC,6_4_2_2,
com.flashforceapp.capitalsaway,NA Pro Hockey,44,Washington DC,Away,0.99,FFFFFF,000000,CF132B,00214E,,,,,,,,,,6_4_2_2,
com.flashforceapp.capitalsalt1,NA Pro Hockey,44,Washington DC,White Alternate,0.99,CF132B,FFFFFF,CF132B,,,,,,,,,,,6_4_2,
com.flashforceapp.bluesdefault,NA Pro Hockey,45,St Louis,Home,0.99,0546A0,101F48,FFC325,FFFFFF,,,,,,,USA,St Louis,Missouri,6_4_2_2,
com.flashforceapp.bluesaway,NA Pro Hockey,45,St Louis,Away,0.99,FFFFFF,101F48,0546A0,FFC325,,,,,,,,,,6_4_2_2,
com.flashforceapp.mapleleafsdefault,NA Pro Hockey,46,Toronto,Home,0.99,003777,FFFFFF,,,,,,,,,Canada,Toronto,Ontario,6_4,
com.flashforceapp.mapleleafsaway,NA Pro Hockey,46,Toronto,Away,0.99,FFFFFF,003777,,,,,,,,,,,,6_4,
com.flashforceapp.mapleleafsalt1,NA Pro Hockey,46,Toronto,Blue Alternate,0.99,1a1a5b,FFFFFF,,,,,,,,,,,,6_4,
com.flashforceapp.wilddefault,NA Pro Hockey,47,Minnesota,Home,0.99,BF2B37,025736,EEE3C7,EFB410,,,,,,,USA,,Minnesota,6_4_2_2,
com.flashforceapp.wildaway,NA Pro Hockey,47,Minnesota,Away,0.99,FFFFFF,000000,025736,BF2B37,,,,,,,,,,6_4_2_2,
com.flashforceapp.wildalt1,NA Pro Hockey,47,Minnesota,Black Alternate,0.99,000000,EEE3C7,BF2B37,,,,,,,,,,,6_4_2,
com.flashforceapp.starsdefault,NA Pro Hockey,48,Dallas,Home,0.99,006A4E,000000,C0C0C0,FFFFFF,,,,,,,USA,Dallas,Texas,6_4_2_2,
com.flashforceapp.starsaway,NA Pro Hockey,48,Dallas,Away,0.99,FFFFFF,006A4E,000000,C0C0C0,,,,,,,,,,6_4_2_2_2,
com.flashforceapp.wjetsdefault,NA Pro Hockey,49,Winnipeg,Home,0.99,002E62,0168AB,FFFFFF,A8A9AD,,,,,,,Canada,Winnipeg,Manitoba,6_4_2_2,
com.flashforceapp.wjetsaway,NA Pro Hockey,49,Winnipeg,Away,0.99,FFFFFF,002E62,0168AB,A8A9AD,,,,,,,,,,6_4_2_2,
com.flashforceapp.devilsdefault,NA Pro Hockey,50,New Jersey,Home,0.99,E03A3E,000000,FFFFFF,,,,,,,,USA,,New Jersey,6_4_2,
com.flashforceapp.devilsaway,NA Pro Hockey,50,New Jersey,Away,0.99,FFFFFF,000000,E03A3E,,,,,,,,,,,6_4_2,
com.flashforceapp.lightningdefault,NA Pro Hockey,51,Tampa Bay,Home,0.99,013E7D,FFFFFF,,,,,,,,,USA,Tampa Bay,Florida,6_4,
com.flashforceapp.lightningaway,NA Pro Hockey,51,Tampa Bay,Away,0.99,FFFFFF,013E7D,,,,,,,,,,,,6_4,
com.flashforceapp.lightningalt1,NA Pro Hockey,51,Tampa Bay,Black Alternate,0.99,010159,000000,C0C0C0,FFFFFF,,,,,,,,,,6_4_2_2,
com.flashforceapp.kingsdefault,NA Pro Hockey,52,Los Angeles,Home,0.99,000000,AFB7BA,FFFFFF,,,,,,,,USA,Los Angeles,California,6_4_2,
com.flashforceapp.kingsaway,NA Pro Hockey,52,Los Angeles,Away,0.99,FFFFFF,000000,AFB7BA,,,,,,,,,,,6_4_2,
com.flashforceapp.flamesdefault,NA Pro Hockey,53,Calgary,Home,0.99,E03A3E,000000,FFC758,FFFFFF,,,,,,,Canada,Calgary,Alberta,6_4_2_2,
com.flashforceapp.flamesaway,NA Pro Hockey,53,Calgary,Away,0.99,FFFFFF,E03A3E,FFC758,000000,,,,,,,,,,6_4_2_2_2,
com.flashforceapp.blackhawksdefault,NA Pro Hockey,54,Chicago,Home,0.99,E3263A,000000,FFFFFF,,,,,,,,USA,Chicago,Illinois,6_4_2,
com.flashforceapp.blackhawksaway,NA Pro Hockey,54,Chicago,Away,0.99,FFFFFF,000000,E3263A,,,,,,,,,,,6_4_2,
com.flashforceapp.avalancedefault,NA Pro Hockey,55,Colorado,Home,0.99,8B2942,01548A,A9B0B8,FFFFFF,000000,,,,,,USA,,Colorado,6_4_2_2_2,
com.flashforceapp.avalanceaway,NA Pro Hockey,55,Colorado,Away,0.99,FFFFFF,8B2942,01548A,A9B0B8,000000,,,,,,,,,6_4_2_2_2,
com.flashforceapp.avalancealt1,NA Pro Hockey,55,Colorado,Blue Alternate,0.99,01548A,8B2942,FFFFFF,,000000,,,,,,,,,6_4_2_2,
com.flashforceapp.coyotesdefault,NA Pro Hockey,56,Arizona,Home,0.99,841F27,FFFFFF,EFE1C6,000000,,,,,,,USA,,Arizona,6_4_2_2,
com.flashforceapp.coyotesaway,NA Pro Hockey,56,Arizona,Away,0.99,FFFFFF,841F27,EFE1C6,000000,,,,,,,,,,6_4_2_2,
com.flashforceapp.senatorsdefault,NA Pro Hockey,57,Ottawa,Home,0.99,E4173E,D69F0F,FFFFFF,000000,,,,,,,Canada,Ottawa,Ontario,6_4_2_2_2,
com.flashforceapp.senatorsaway,NA Pro Hockey,57,Ottawa,Away,0.99,FFFFFF,E4173E,D69F0F,000000,,,,,,,,,,6_4_2_2_2,
com.flashforceapp.senatorsalt1,NA Pro Hockey,57,Ottawa,Black Alternate,0.99,000000,E4173E,D69F0F,FFFFFF,,,,,,,,,,6_4_2_2,
com.flashforceapp.islandersdefault,NA Pro Hockey,58,New York (Brooklyn),Home,0.99,00529B,F57D31,FFFFFF,,,,,,,,USA,,New York,6_4_2,
com.flashforceapp.islandersaway,NA Pro Hockey,58,New York (Brooklyn),Away,0.99,FFFFFF,00529B,F57D31,,,,,,,,,,,6_4_2,
com.flashforceapp.canucksdefault,NA Pro Hockey,59,Vancouver,Home,0.99,07346F,047A4A,FFFFFF,A8A9AD,,,,,,,Canada,Vancouver,British Columbia,6_4_2_2,
com.flashforceapp.canucksaway,NA Pro Hockey,59,Vancouver,Away,0.99,FFFFFF,07346F,047A4A,A8A9AD,,,,,,,,,,6_4_2_2,
com.flashforceapp.flyersdefault,NA Pro Hockey,60,Philadelphia,Home,0.99,F47940,000000,FFFFFF,AA8670,,,,,,,USA,Philadelphia,Pennsylvania,6_4_2_2,
com.flashforceapp.flyersaway,NA Pro Hockey,60,Philadelphia,Away,0.99,FFFFFF,000000,F47940,AA8670,,,,,,,,,,6_4_2_2,
com.flashforceapp.flyersalt1,NA Pro Hockey,60,Philadelphia,Gold Alternate,0.99,F47940,000000,AA8670,,,,,,,,,,,6_4_2,
com.flashforceapp.saintsdefault,American Pro ğŸˆ,61,New Orleans,Home,0.99,000000,968252,FFFFFF,,,,,,,,USA,New Orleans,Louisiana,6_4_2_2,
com.flashforceapp.saintsaway,American Pro ğŸˆ,61,New Orleans,Away,0.99,FFFFFF,000000,968252,,,,,,,,,,,6_4_2_2,
com.flashforceapp.bearsdefault,American Pro ğŸˆ,62,Chicago,Home,0.99,03202F,FFFFFF,DD4814,,,,,,,,USA,Chicago,Illinois,6_4_2,
com.flashforceapp.bearsaway,American Pro ğŸˆ,62,Chicago,Away,0.99,FFFFFF,03202F,DD4814,,,,,,,,,,,6_4_2,
com.flashforceapp.bearsalt1,American Pro ğŸˆ,62,Chicago,Orange Alternate,0.99,03202F,DD4814,,,,,,,,,,,,6_4,
com.flashforceapp.steelersdefault,American Pro ğŸˆ,63,Pittsburgh,Home,0.99,000000,F2C800,FFFFFF,,,,,,,,USA,Pittsburgh,Pennsylvania,6_4_2,
com.flashforceapp.steelersaway,American Pro ğŸˆ,63,Pittsburgh,Away,0.99,FFFFFF,F2C800,000000,,,,,,,,,,,6_4_2,
com.flashforceapp.steelersalt1,American Pro ğŸˆ,63,Pittsburgh,Throwback,0.99,F2C800,000000,FFFCC8,,,,,,,,,,,6_4_2,
com.flashforceapp.patriotsdefault,American Pro ğŸˆ,64,New England,Home,0.99,0D254C,D6D6D6,C80815,FFFFFF,,,,,,,USA,New England,,6_4_2_2,
com.flashforceapp.patriotsaway,American Pro ğŸˆ,64,New England,Away,0.99,FFFFFF,0D254C,C80815,,,,,,,,,,,6_4_2,
com.flashforceapp.patriotsalt1,American Pro ğŸˆ,64,New England,Red Alternate,0.99,C80815,FFFFFF,0D254C,,,,,,,,,,,6_4_2,
com.flashforceapp.jetsdefault,American Pro ğŸˆ,65,New York 2,Home,0.99,0C371D,FFFFFF,,,,,,,,,USA,,New York,6_4,
com.flashforceapp.jetsaway,American Pro ğŸˆ,65,New York 2,Away,0.99,FFFFFF,0C371D,,,,,,,,,,,,6_4,
com.flashforceapp.panthersdefault,American Pro ğŸˆ,66,Carolina,Home,0.99,000000,0088CE,A5ACAF,FFFFFF,,,,,,,USA,Carolina,,6_4_2_2_2,
com.flashforceapp.panthersaway,American Pro ğŸˆ,66,Carolina,Away,0.99,FFFFFF,0088CE,000000,,,,,,,,,,,6_4_2_2,
com.flashforceapp.panthersalt1,American Pro ğŸˆ,66,Carolina,Blue Alternate,0.99,0088CE,000000,FFFFFF,,,,,,,,,,,6_4_2,
com.flashforceapp.fortyninersdefault,American Pro ğŸˆ,67,San Francisco,Home,0.99,AF1E2C,E6BE8A,FFFFFF,,,,,,,,USA,San Francisco,California,6_4_2,
com.flashforceapp.fortyninersaway,American Pro ğŸˆ,67,San Francisco,Away,0.99,FFFFFF,E6BE8A,AF1E2C,,,,,,,,,,,6_4_2,
com.flashforceapp.buccaneersdefault,American Pro ğŸˆ,68,Tampa Bay,Home,0.99,D60A0B,FFFFFF,89765F,FF7A00,000000,,,,,,USA,Tampa Bay,Florida,6_4_2_2_2,
com.flashforceapp.buccaneersaway,American Pro ğŸˆ,68,Tampa Bay,Away,0.99,FFFFFF,89765F,D60A0B,FF7A00,000000,,,,,,,,,6_4_2_2_2,
com.flashforceapp.eaglesdefault,American Pro ğŸˆ,69,Philadelphia,Home,0.99,003B48,FFFFFF,708090,C0C0C0,000000,,,,,,USA,Philadelphia,Pennsylvania,6_4_2_2_2,
com.flashforceapp.eaglesaway,American Pro ğŸˆ,69,Philadelphia,Away,0.99,FFFFFF,003B48,708090,C0C0C0,000000,,,,,,,,,6_4_2_2_2,
com.flashforceapp.eaglesalt1,American Pro ğŸˆ,69,Philadelphia,Black Alternate,0.99,000000,FFFFFF,003B48,708090,C0C0C0,,,,,,,,,6_4_2_2_2,
com.flashforceapp.coltsdefault,American Pro ğŸˆ,70,Indianapolis,Home,0.99,003B7B,FFFFFF,,,,,,,,,USA,Indianapolis,Indiana,6_4,
com.flashforceapp.coltsaway,American Pro ğŸˆ,70,Indianapolis,Away,0.99,FFFFFF,003B7B,,,,,,,,,,,,6_4,
com.flashforceapp.seahawksdefault,American Pro ğŸˆ,71,Seattle,Home,0.99,06192E,ACB6BC,4EAE47,,,,,,,,USA,Seattle,Washington,6_4_2,
com.flashforceapp.seahawksaway,American Pro ğŸˆ,71,Seattle,Away,0.99,FFFFFF,ACB6BC,06192E,4EAE47,,,,,,,,,,6_4_2_2,
com.flashforceapp.seahawksalt1,American Pro ğŸˆ,71,Seattle,Gray Alternate,0.99,ACB6BC,06192E,4EAE47,,,,,,,,,,,6_4_2,
com.flashforceapp.cardinalsdefault,American Pro ğŸˆ,72,Arizona,Home,0.99,870619,FFFFFF,000000,,,,,,,,USA,,Arizona,6_4_2,
com.flashforceapp.cardinalsaway,American Pro ğŸˆ,72,Arizona,Away,0.99,FFFFFF,870619,000000,,,,,,,,,,,6_4_2,
com.flashforceapp.cardinalsalt1,American Pro ğŸˆ,72,Arizona,Alternate,0.99,111C24,97233F,,,,,,,,,USA,,Arizona,6_4,
com.flashforceapp.falconsdefault,American Pro ğŸˆ,73,Atlanta,Home,0.99,BD0D18,FFFFFF,000000,,,,,,,,USA,Atlanta,Georgia,6_4_2,
com.flashforceapp.falconsaway,American Pro ğŸˆ,73,Atlanta,Away,0.99,FFFFFF,BD0D18,000000,,,,,,,,,,,6_4_2,
com.flashforceapp.falconsalt1,American Pro ğŸˆ,73,Atlanta,Black Alternate,0.99,000000,FFFFFF,BD0D18,,,,,,,,,,,6_4_2,
com.flashforceapp.texansdefault,American Pro ğŸˆ,74,Houston,Home,0.99,02253A,FFFFFF,B31B34,,,,,,,,USA,Houston,Texas,6_4_2,
com.flashforceapp.texansaway,American Pro ğŸˆ,74,Houston,Away,0.99,FFFFFF,02253A,B31B34,,,,,,,,,,,6_4_2,
com.flashforceapp.texansalt1,American Pro ğŸˆ,74,Houston,Red Alternate,0.99,B31B34,FFFFFF,02253A,,,,,,,,,,,6_4_2,
com.flashforceapp.titansdefault,American Pro ğŸˆ,75,Tennessee,Home,0.99,648FCC,000080,FFFFFF,C0C0C0,FF0000,,,,,,USA,,Tennessee,6_4_2_2_2,
com.flashforceapp.titansaway,American Pro ğŸˆ,75,Tennessee,Away,0.99,FFFFFF,648FCC,000080,C0C0C0,FF0000,,,,,,,,,6_4_2_2_2,
com.flashforceapp.titansalt1,American Pro ğŸˆ,75,Tennessee,Blue Alternate,0.99,000080,FFFFFF,648FCC,C0C0C0,FF0000,,,,,,,,,6_4_2_2_2,
com.flashforceapp.brownsdefault,American Pro ğŸˆ,76,Cleveland,Home,0.99,26201E,FFFFFF,E34912,,,,,,,,USA,Cleveland,Ohio,6_4_2,
com.flashforceapp.brownsaway,American Pro ğŸˆ,76,Cleveland,Away,0.99,FFFFFF,E34912,26201E,,,,,,,,,,,6_4_2,
com.flashforceapp.brownsalt1,American Pro ğŸˆ,76,Cleveland,Orange Alternate,0.99,E34912,26201E,FFFFFF,,,,,,,,,,,6_4_2,
com.flashforceapp.bengalsdefault,American Pro ğŸˆ,77,Cincinnati,Home,0.99,000000,FFFFFF,FB4F14,,,,,,,,USA,Cincinatti,Ohio,6_4_2,
com.flashforceapp.bengalsaway,American Pro ğŸˆ,77,Cincinnati,Away,0.99,FFFFFF,000000,FB4F14,,,,,,,,,,,6_4_2,
com.flashforceapp.bengalsalt1,American Pro ğŸˆ,77,Cincinnati,Orange Alternate,0.99,FB4F14,FFFFFF,000000,,,,,,,,,,,6_4_2,
com.flashforceapp.raidersdefault,American Pro ğŸˆ,78,Oakland,Home,0.99,000000,C4C8CB,FFFFFF,,,,,,,,USA,Oakland,California,6_4_2,
com.flashforceapp.raidersaway,American Pro ğŸˆ,78,Oakland,Away,0.99,FFFFFF,C4C8CB,000000,,,,,,,,,,,6_4_2,
com.flashforceapp.billsdefault,American Pro ğŸˆ,79,Buffalo,Home,0.99,00338D,FFFFFF,C60C30,,,,,,,,USA,Buffalo,New York,6_4_2,
com.flashforceapp.billsaway,American Pro ğŸˆ,79,Buffalo,Away,0.99,FFFFFF,00338D,C60C30,,,,,,,,,,,6_4_2,
com.flashforceapp.billsalt1,American Pro ğŸˆ,79,Buffalo,White Alternate,0.99,FFFFFF,00338D,FFFFFF,C60C30,,,,,,,,,,6_4_2_2,
com.flashforceapp.chargersdefault,American Pro ğŸˆ,80,San Diego,Home,0.99,08214A,FFFFFF,EEC607,,,,,,,,USA,San Diego,California,6_4_2,
com.flashforceapp.chargersaway,American Pro ğŸˆ,80,San Diego,Away,0.99,FFFFFF,08214A,EEC607,,,,,,,,,,,6_4_2,
com.flashforceapp.chargersalt1,American Pro ğŸˆ,80,San Diego,Powder Blue,0.99,0072CE,FFFFFF,EEC607,08214A,,,,,,,,,,6_4_2_2,
com.flashforceapp.dolphicsdefault,American Pro ğŸˆ,81,Miami,Home,0.99,008d97,FFFFFF,F5811F,015679,,,,,,,USA,Miami,Florida,6_4_2_2,
com.flashforceapp.dolphicsaway,American Pro ğŸˆ,81,Miami,Away,0.99,FFFFFF,008d97,F5811F,015679,,,,,,,,,,6_4_2_2,
com.flashforceapp.giantsdefault,American Pro ğŸˆ,82,New York,Home,0.99,192F6B,808080,FFFFFF,CA001A,,,,,,,USA,,New York,6_4_2_2,
com.flashforceapp.giantsaway,American Pro ğŸˆ,82,New York,Away,0.99,FFFFFF,808080,CA001A,192F6B,,,,,,,,,,6_4_2_2,
com.flashforceapp.ramsdefault,American Pro ğŸˆ,83,St Louis,Home,0.99,13264B,C9AF74,FFFFFF,,,,,,,,USA,St Louis,Missouri,6_4_2,
com.flashforceapp.ramsaway,American Pro ğŸˆ,83,St Louis,Away,0.99,FFFFFF,13264B,C9AF74,,,,,,,,,,,6_4_2,
com.flashforceapp.ramsalt1,American Pro ğŸˆ,83,St Louis,Yellow Alternate,0.99,222b56,fee01c,FFFFFF,,,,,,,,,,,6_4_2,
com.flashforceapp.jaguarsdefault,American Pro ğŸˆ,84,Jacksonville,Home,0.99,000000,FFFFFF,007198,D0B239,,,,,,,USA,Jacksonville,Mississippi,6_4_2_2,
com.flashforceapp.jaguarsaway,American Pro ğŸˆ,84,Jacksonville,Away,0.99,FFFFFF,007198,000000,D0B239,,,,,,,,,,6_4_2_2,
com.flashforceapp.jaguarsalt1,American Pro ğŸˆ,84,Jacksonville,Green Alternate,0.99,007198,000000,D0B239,FFFFFF,,,,,,,,,,6_4_2_2,
com.flashforceapp.ravensdefault,American Pro ğŸˆ,85,Baltimore,Home,0.99,280353,FFFFFF,000000,D0B240,,,,,,,USA,Baltimore,Maryland,6_4_2_2,
com.flashforceapp.ravensaway,American Pro ğŸˆ,85,Baltimore,Away,0.99,FFFFFF,000000,280353,D0B240,,,,,,,,,,6_4_2_2,
com.flashforceapp.ravensalt1,American Pro ğŸˆ,85,Baltimore,Black Alternate,0.99,000000,FFFFFF,280353,D0B240,,,,,,,,,,6_4_2_2,
com.flashforceapp.lionsdefault,American Pro ğŸˆ,86,Detroit,Home,0.99,006DB0,C5C7CF,FFFFFF,000000,,,,,,,USA,Detroit,Michigan,6_4_2_2,
com.flashforceapp.lionsaway,American Pro ğŸˆ,86,Detroit,Away,0.99,FFFFFF,C5C7CF,006DB0,000000,,,,,,,,,,6_4_2_2,
com.flashforceapp.chiefsdefault,American Pro ğŸˆ,87,Kansas City,Home,0.99,B20032,FFFFFF,F2C800,,,,,,,,USA,Kansas City,Missouri,6_4_2,
com.flashforceapp.chiefsaway,American Pro ğŸˆ,87,Kansas City,Away,0.99,FFFFFF,B20032,F2C800,,,,,,,,,,,6_4_2,
com.flashforceapp.broncosdefault,American Pro ğŸˆ,88,Denver,Home,0.99,FB4F14,FFFFFF,002244,,,,,,,,USA,Denver,Colorado,6_4_2,
com.flashforceapp.broncosaway,American Pro ğŸˆ,88,Denver,Away,0.99,FFFFFF,002244,FB4F14,,,,,,,,,,,6_4_2,
com.flashforceapp.broncosalt1,American Pro ğŸˆ,88,Denver,Blue Alternate,0.99,002244,FB4F14,FFFFFF,,,,,,,,,,,6_4_2,
com.flashforceapp.redskinsdefault,American Pro ğŸˆ,89,Washington,Home,0.99,773141,FFB612,FFFFFF,,,,,,,,USA,Washington,DC,6_4_2,
com.flashforceapp.redskinsaway,American Pro ğŸˆ,89,Washington,Away,0.99,FFFFFF,FFB612,773141,,,,,,,,,,,6_4_2,
com.flashforceapp.redskinsalt1,American Pro ğŸˆ,89,Washington,Gold Alternate,0.99,7d0008,b7b477,c38700,FFFFFF,,,,,,,,,,6_4_2_2,
com.flashforceapp.packersdefault,American Pro ğŸˆ,90,Green Bay,Home,0.99,213D30,FFCC00,FFFFFF,,,,,,,,USA,Green Bay,Wisconsin,6_4_2,
com.flashforceapp.packersaway,American Pro ğŸˆ,90,Green Bay,Away,0.99,FFFFFF,FFCC00,213D30,,,,,,,,,,,6_4_2,
com.flashforceapp.packersalt1,American Pro ğŸˆ,90,Green Bay,Blue Alternate,0.99,13006a,e5dfaf,ffcf00,,,,,,,,,,,6_4_2,
com.flashforceapp.vikingsdefault,American Pro ğŸˆ,91,Minnesota,Home,0.99,4F2682,FFFFFF,FFC52F,,,,,,,,USA,,Minnesota,6_4_2,
com.flashforceapp.vikingsaway,American Pro ğŸˆ,91,Minnesota,Away,0.99,FFFFFF,4F2682,FFC52F,,,,,,,,,,,6_4_2,
com.flashforceapp.cowboysdefault,American Pro ğŸˆ,92,Dallas,Home,0.99,002244,8C8B8A,FFFFFF,,,,,,,,USA,Dallas,Texas,6_4_2,
com.flashforceapp.cowboysaway,American Pro ğŸˆ,92,Dallas,Away,0.99,FFFFFF,8C8B8A,00338D,,,,,,,,,,,6_4_2,
com.flashforceapp.cowboysalt1,American Pro ğŸˆ,92,Dallas,White Alternate,0.99,002244,FFFFFF,,,,,,,,,,,,6_4,
com.flashforceapp.firedefault,American Pro âš½,93,Chicago,Home,0.99,AF2626,0A174A,8A8D8F,,,,,,,,USA,Chiago,Illinois,6_4_2,
com.flashforceapp.revolutiondefault,American Pro âš½,94,New England,Home,0.99,0A2141,D80016,FFFFFF,,,,,,,,USA,New England,,6_4_2,
com.flashforceapp.torontofcdefault,American Pro âš½,95,Toronto,Home,0.99,D80016,313F49,A1AAAD,,,,,,,,Canada,Toronto,Ontario,6_4_2,
com.flashforceapp.fcdallasdefault,American Pro âš½,96,Dallas,Home,0.99,CF0032,07175C,8A8D8F,,,,,,,,USA,Dallas,Texas,6_4_2,
com.flashforceapp.timbersdefault,American Pro âš½,97,Portland,Home,0.99,004812,EBE72B,FFFFFF,,,,,,,,USA,Portland,Oregon,6_4_2,
com.flashforceapp.nycfcdefault,American Pro âš½,98,New York City,Home,0.99,6CADDF,00285E,28295c,,,,,,,,USA,New York,,6_4_2_2,
com.flashforceapp.redbullsdefault,American Pro âš½,99,New York,Home,0.99,D50031,FFC800,FFFFFF,,,,,,,,USA,New York,,6_4_2,
com.flashforceapp.impactdefault,American Pro âš½,100,Montreal,Home,0.99,122089,000000,7A878F,,,,,,,,Canada,Montreal,Quebec,6_4_2,
com.flashforceapp.dcuniteddefault,American Pro âš½,101,DC,Home,0.99,000000,DD0000,,,,,,,,,USA,Washington,DC,6_4,
com.flashforceapp.crewdefault,American Pro âš½,102,Columbus,Home,0.99,000000,FFDB00,8A8D8F,,,,,,,,USA,Columbus,Ohio,6_4_2,
com.flashforceapp.earthquakesdefault,American Pro âš½,103,San Jose,Home,0.99,0051BA,000000,B1B4B2,,,,,,,,USA,San Jose,California,6_4_2,
com.flashforceapp.uniondefault,American Pro âš½,104,Philadelphia,Home,0.99,001B2D,B18500,348AE1,,,,,,,,USA,,Philadelphia,6_4_2,
com.flashforceapp.rapidsdefault,American Pro âš½,105,Colorado,Home,0.99,91022D,85B7EA,8A8D8F,313F49,,,,,,,USA,Denver,Colorado,6_4_2_2,
com.flashforceapp.sportingkcdefault,American Pro âš½,106,Kansas City,Home,0.99,A4BBD7,0A2141,787775,,,,,,,,USA,Kansas City,Kansas,6_4_2,
com.flashforceapp.soundersfcdefault,American Pro âš½,107,Seattle,Home,0.99,4F8A10,11568C,212930,,,,,,,,USA,Seattle,Washington,6_4_2,
com.flashforceapp.chivasusadefault,American Pro âš½,108,Chivas,Home,0.99,AA002C,031A43,FFC800,,,,,,,,USA,Los Angeles,California,6_4_2,
com.flashforceapp.orlandoscdefault,American Pro âš½,109,Orlando,Home,0.99,633492,FDE192,,,,,,,,,USA,Orlando,Florida,6_4,
com.flashforceapp.realsldefault,American Pro âš½,110,Salt Lake,Home,0.99,A50531,013474,F2D11A,,,,,,,,USA,Salt Lake,Utah,6_4_2,
com.flashforceapp.whitecapsfcdefault,American Pro âš½,111,Vancouver,Home,0.99,12264C,85B7EA,838383,,,,,,,,Canada,Vancouver,British Columbia,6_4_2,
com.flashforceapp.dynamodefault,American Pro âš½,112,Houston,Home,0.99,F36600,2E2926,85B7EA,,,,,,,,USA,Houston,Texas,6_4_2,
com.flashforceapp.lagalaxydefault,American Pro âš½,113,Los Angeles,Home,0.99,00245D,004689,F1AA00,FFD200,,,,,,,USA,Los Angeles,California,6_4_2_2,
com.flashforceapp.knicksdefault,American Pro ğŸ€,114,New York,Home,0.99,0953A0,FF7518,C0C0C0,,,,,,,,USA,,New York,6_4_2,
com.flashforceapp.lakersdefault,American Pro ğŸ€,115,Los Angeles,Home,0.99,4A2583,F5AF1B,,,,,,,,,USA,Los Angeles,California,6_4,
com.flashforceapp.grizzliesdefault,American Pro ğŸ€,116,Memphis,Home,0.99,001F70,7399C6,BED4E9,FDB927,,,,,,,USA,Memphis,Tennessee,6_4_2_2,
com.flashforceapp.spursdefault,American Pro ğŸ€,117,San Antonio,Home,0.99,000000,BEC8C9,,,,,,,,,USA,San Antonio,Texas,6_4,
com.flashforceapp.pelicansdefault,American Pro ğŸ€,118,New Orleans,Home,0.99,002B5C,B4975A,E31836,,,,,,,,USA,New Orleans,Louisiana,6_4_2,
com.flashforceapp.rocketsdefault,American Pro ğŸ€,119,Houston,Home,0.99,CE1138,CCCCCC,000000,,,,,,,,USA,Houston,Texas,6_4_2,
com.flashforceapp.pistonsdefault,American Pro ğŸ€,120,Detroit,Home,0.99,00519A,EB003C,041e40,,,,,,,,USA,Detroit,Michigan,6_4_2,
com.flashforceapp.celticsdefault,American Pro ğŸ€,121,Boston,Home,0.99,FFFFFF,009E60,,,,,,,,,USA,Boston,Massachusetts,6_4,
com.flashforceapp.heatdefault,American Pro ğŸ€,122,Miami,Home,0.99,000000,B62630,FF9F00,,,,,,,,USA,Miami,Florida,6_4_2,
com.flashforceapp.magicdefault,American Pro ğŸ€,123,Orlando,Home,0.99,0047AB,000000,708090,,,,,,,,USA,Orlando,Florida,6_4_2,
com.flashforceapp.trailblazersdefault,American Pro ğŸ€,124,Portland,Home,0.99,F0163A,B6BFBF,000000,,,,,,,,USA,Portland,Oregon,6_4_2,
com.flashforceapp.warriorsdefault,American Pro ğŸ€,125,Golden State,Home,0.99,04529C,FFCC33,,,,,,,,,USA,Golden State,California,6_4,
com.flashforceapp.bullsdefault,American Pro ğŸ€,126,Chicago,Home,0.99,D4001F,FFFFFF,000000,,,,,,,,USA,Chicago,Illinois,6_4_2,
com.flashforceapp.wizardsdefault,American Pro ğŸ€,127,Washington,Home,0.99,002B5C,E31837,C4CDD4,,,,,,,,USA,Washington,DC,6_4_2,
com.flashforceapp.mavericksdefault,American Pro ğŸ€,128,Dallas,Home,0.99,0b60AD,072156,A9A9A9,,,,,,,,USA,Dallas,Texas,6_4_2,
com.flashforceapp.timerwolvesdefault,American Pro ğŸ€,129,Minnesota,Home,0.99,0F4D92,000000,8C92AC,50C878,,,,,,,USA,,Minnesota,6_4_2_2,
com.flashforceapp.clippersdefault,American Pro ğŸ€,130,Los Angeles 2,Home,0.99,EE2944,146AA2,,,,,,,,,USA,Los Angeles,California,6_4,
com.flashforceapp.thunderdefault,American Pro ğŸ€,131,Oklahoma City,Home,0.99,007DC3,F05133,FDBB30,002D62,,,,,,,USA,Oklahoma City,Oklahoma,6_4_2_2,
com.flashforceapp.hornetsdefault,American Pro ğŸ€,132,Charlotte,Home,0.99,1D1160,008CA8,A1A1A4,,,,,,,,USA,Charlotte,North Carolina,6_4_2,
com.flashforceapp.bucksdefault,American Pro ğŸ€,133,Milwaukee,Home,0.99,003614,C0C0C0,,,,,,,,,USA,Milwaukee,Wisconsin,6_4,
com.flashforceapp.raptorsdefault,American Pro ğŸ€,134,Toronto,Home,0.99,B31B1B,000000,708090,,,,,,,,Canada,Toronto,Ontario,6_4_2,
com.flashforceapp.jazzdefault,American Pro ğŸ€,135,Utah,Home,0.99,00275D,FF9100,0D4006,B5B5B5,,,,,,,USA,,Utah,6_4_2_2,
com.flashforceapp.sunsdefault,American Pro ğŸ€,136,Phoenix,Home,0.99,1C105E,E65F20,000000,B1B3B3,,,,,,,USA,Phoenix,Arizona,6_4_2_2,
com.flashforceapp.sackingsdefault,American Pro ğŸ€,137,Sacramento,Home,0.99,753BBD,000000,8A8D8F,,,,,,,,USA,Sacramento,California,6_4_2,
com.flashforceapp.sevsixersdefault,American Pro ğŸ€,138,Philadelphia,Home,0.99,0046AD,D0103A,,,,,,,,,USA,Philadelphia,Pennsylvania,6_4,
com.flashforceapp.cavaliersdefault,American Pro ğŸ€,139,Cleveland,Home,0.99,860038,FDBB30,002D62,,,,,,,,USA,Cleveland,Ohio,6_4_2,
com.flashforceapp.hawksdefault,American Pro ğŸ€,140,Atlanta,Home,0.99,000080,FF0000,C0C0C0,,,,,,,,USA,Atlanta,Georgia,6_4_2,
com.flashforceapp.netsdefault,American Pro ğŸ€,141,Brooklyn,Home,0.99,FFFFFF,000000,,,,,,,,,USA,Brooklyn,New York,6_4,
com.flashforceapp.pacersdefault,American Pro ğŸ€,142,Indiana,Home,0.99,092C57,FFC322,C0C0C0,,,,,,,,USA,,Indiana,6_4_2,
com.flashforceapp.nuggetsdefault,American Pro ğŸ€,143,Denver,Home,0.99,4b90CD,FDB827,002D62,,,,,,,,USA,Denver,Colorado,6_4_2,
com.flashforceapp.afghanistan,National Soccer âš½,144,Afghanistan ğŸ‡¦ğŸ‡«,Home,0.99,bf0000,009900,000000,,,,,,,,Afghanistan ğŸ‡¦ğŸ‡«,,,6_4_2,
com.flashforceapp.australia,National Soccer âš½,145,Australia ğŸ‡¦ğŸ‡º,Home,0.99,fcd116,008751,ffffff,,,,,,,,Australia ğŸ‡¦ğŸ‡º,,,6_4_2,
com.flashforceapp.bahrain,National Soccer âš½,146,Bahrain ğŸ‡§ğŸ‡­,Home,0.99,ce1126,ffffff,,,,,,,,,Bahrain ğŸ‡§ğŸ‡­,,,6_4,
com.flashforceapp.bangladesh,National Soccer âš½,147,Bangladesh ğŸ‡§ğŸ‡©,Home,0.99,006a4e,f42a41,,,,,,,,,Bangladesh ğŸ‡§ğŸ‡©,,,6_4,
com.flashforceapp.bhutan,National Soccer âš½,148,Bhutan ğŸ‡§ğŸ‡¹,Home,0.99,ff4e12,ffd520,,,,,,,,,Bhutan ğŸ‡§ğŸ‡¹,,,6_4,
com.flashforceapp.bruneidarussalam,National Soccer âš½,149,Brunei ğŸ‡§ğŸ‡³,Home,0.99,f7e017,000000,ffffff,,,,,,,,Brunei ğŸ‡§ğŸ‡³,,,6_4_2,
com.flashforceapp.cambodia,National Soccer âš½,150,Cambodia ğŸ‡°ğŸ‡­,Home,0.99,e00025,032ea1,ffffff,,,,,,,,Cambodia ğŸ‡°ğŸ‡­,,,6_4_2,
com.flashforceapp.chinapr,National Soccer âš½,151,China PR ğŸ‡¨ğŸ‡³,Home,0.99,ffffff,de2910,,,,,,,,,China PR ğŸ‡¨ğŸ‡³,,,6_4,
com.flashforceapp.chinesetaipei,National Soccer âš½,152,Taiwan ğŸ‡¹ğŸ‡¼,Home,0.99,000095,ffffff,fe0000,,,,,,,,Taiwan ğŸ‡¹ğŸ‡¼,,,6_4_2,
com.flashforceapp.guam,National Soccer âš½,153,Guam ğŸ‡¬ğŸ‡º,Home,0.99,00297b,ffffff,,,,,,,,,Guam ğŸ‡¬ğŸ‡º,,,6_4,
com.flashforceapp.hongkong,National Soccer âš½,154,Hong Kong ğŸ‡­ğŸ‡°,Home,0.99,de2910,ffffff,,,,,,,,,Hong Kong ğŸ‡­ğŸ‡°,,,6_4,
com.flashforceapp.india,National Soccer âš½,155,India ğŸ‡®ğŸ‡³,Home,0.99,000088,ffffff,,,,,,,,,India ğŸ‡®ğŸ‡³,,,6_4,
com.flashforceapp.indonesia,National Soccer âš½,156,Indonesia ğŸ‡®ğŸ‡©,Home,0.99,ce1126,ffffff,,,,,,,,,Indonesia ğŸ‡®ğŸ‡©,,,6_4,
com.flashforceapp.iran,National Soccer âš½,157,Iran ğŸ‡®ğŸ‡·,Home,0.99,ffffff,da0000,239f40,,,,,,,,Iran ğŸ‡®ğŸ‡·,,,6_4_2,
com.flashforceapp.iraq,National Soccer âš½,158,Iraq ğŸ‡®ğŸ‡¶,Home,0.99,007a3d,000000,ffffff,,,,,,,,Iraq ğŸ‡®ğŸ‡¶,,,6_4_2,
com.flashforceapp.japan,National Soccer âš½,159,Japan ğŸŒ¸,Home,0.99,ffffff,bc002d,,,,,,,,,Japan ğŸŒ¸,,,6_4,
com.flashforceapp.jordan,National Soccer âš½,160,Jordan ğŸ‡¯ğŸ‡´,Home,0.99,ffffff,ce1126,,,,,,,,,Jordan ğŸ‡¯ğŸ‡´,,,6_4,
com.flashforceapp.koreadpr,National Soccer âš½,161,South Korea ğŸ‡°ğŸ‡·,Home,0.99,ed1c27,024fa2,ffffff,,,,,,,,South Korea ğŸ‡°ğŸ‡·,,,6_4_2,
com.flashforceapp.korearepublic,National Soccer âš½,162,North Korea ğŸ‡°ğŸ‡µ,Home,0.99,c60c30,003478,,,,,,,,,North Korea ğŸ‡°ğŸ‡µ,,,6_4,
com.flashforceapp.kuwait,National Soccer âš½,163,Kuwait ğŸ‡°ğŸ‡¼,Home,0.99,007a3d,ffffff,,,,,,,,,Kuwait ğŸ‡°ğŸ‡¼,,,6_4,
com.flashforceapp.kyrgyzstan,National Soccer âš½,164,Kyrgyzstan ğŸ‡°ğŸ‡¬,Home,0.99,e8112d,ffef00,,,,,,,,,Kyrgyzstan ğŸ‡°ğŸ‡¬,,,6_4,
com.flashforceapp.laos,National Soccer âš½,165,Laos ğŸ‡±ğŸ‡¦,Home,0.99,002868,ffffff,ce1126,,,,,,,,Laos ğŸ‡±ğŸ‡¦,,,6_4_2,
com.flashforceapp.lebanon,National Soccer âš½,166,Lebanon ğŸ‡±ğŸ‡§,Home,0.99,ed1c24,00a651,ffffff,,,,,,,,Lebanon ğŸ‡±ğŸ‡§,,,6_4_2,
com.flashforceapp.macau,National Soccer âš½,167,Macau ğŸ‡²ğŸ‡´,Home,0.99,00785e,ffffff,,,,,,,,,Macau ğŸ‡²ğŸ‡´,,,6_4,
com.flashforceapp.malaysia,National Soccer âš½,168,Malaysia ğŸ‡²ğŸ‡¾,Home,0.99,000000,ffcc00,,,,,,,,,Malaysia ğŸ‡²ğŸ‡¾,,,6_4,
com.flashforceapp.maldives,National Soccer âš½,169,Maldives ğŸ‡²ğŸ‡»,Home,0.99,d21034,ffffff,007e3a,,,,,,,,Maldives ğŸ‡²ğŸ‡»,,,6_4_2,
com.flashforceapp.mongolia,National Soccer âš½,170,Mongolia ğŸ‡²ğŸ‡³,Home,0.99,C4272F,015197,F9CF02,,,,,,,,Mongolia ğŸ‡²ğŸ‡³,,,6_4_2,
com.flashforceapp.myanmar,National Soccer âš½,171,Myanmar ğŸ‡²ğŸ‡²,Home,0.99,ea2839,ffffff,,,,,,,,,Myanmar ğŸ‡²ğŸ‡²,,,6_4,
com.flashforceapp.nepal,National Soccer âš½,172,Nepal ğŸ‡³ğŸ‡µ,Home,0.99,dc143c,ffffff,,,,,,,,,Nepal ğŸ‡³ğŸ‡µ,,,6_4,
com.flashforceapp.northernmarianaislands,National Soccer âš½,173,Mariana Islands ğŸ‡²ğŸ‡µ,Home,0.99,0071bc,ffffff,,,,,,,,,Mariana Islands ğŸ‡²ğŸ‡µ,,,6_4,
com.flashforceapp.oman,National Soccer âš½,174,Oman ğŸ‡´ğŸ‡²,Home,0.99,db161b,ffffff,,,,,,,,,Oman ğŸ‡´ğŸ‡²,,,6_4,
com.flashforceapp.pakistan,National Soccer âš½,175,Pakistan ğŸ‡µğŸ‡°,Home,0.99,01411c,ffffff,,,,,,,,,Pakistan ğŸ‡µğŸ‡°,,,6_4,
com.flashforceapp.palestine,National Soccer âš½,176,Palestine ğŸ‡µğŸ‡¸,Home,0.99,ce1126,ffffff,,,,,,,,,Palestine ğŸ‡µğŸ‡¸,,,6_4,
com.flashforceapp.philippines,National Soccer âš½,177,Philippines ğŸ‡µğŸ‡­,Home,0.99,0038a8,ffffff,,,,,,,,,Philippines ğŸ‡µğŸ‡­,,,6_4,
com.flashforceapp.qatar,National Soccer âš½,178,Qatar ğŸ‡¶ğŸ‡¦,Home,0.99,8d1b3d,ffffff,,,,,,,,,Qatar ğŸ‡¶ğŸ‡¦,,,6_4,
com.flashforceapp.saudiarabia,National Soccer âš½,179,Saudi Arabia ğŸ‡¸ğŸ‡¦,Home,0.99,006c35,ffffff,,,,,,,,,Saudi Arabia ğŸ‡¸ğŸ‡¦,,,6_4,
com.flashforceapp.singapore,National Soccer âš½,180,Singapore ğŸ‡¸ğŸ‡¬,Home,0.99,ED2939,000000,,,,,,,,,Singapore ğŸ‡¸ğŸ‡¬,,,6_4,
com.flashforceapp.srilanka,National Soccer âš½,181,Sri Lanka ğŸ‡±ğŸ‡°,Home,0.99,ffb700,8d2029,,,,,,,,,Sri Lanka ğŸ‡±ğŸ‡°,,,6_4,
com.flashforceapp.syria,National Soccer âš½,182,Syria ğŸ‡¸ğŸ‡¾,Home,0.99,ce1126,ffffff,,,,,,,,,Syria ğŸ‡¸ğŸ‡¾,,,6_4,
com.flashforceapp.tajikistan,National Soccer âš½,183,Tajikistan ğŸ‡¹ğŸ‡¯,Home,0.99,cc0000,ffffff,,,,,,,,,Tajikistan ğŸ‡¹ğŸ‡¯,,,6_4,
com.flashforceapp.thailand,National Soccer âš½,184,Thailand ğŸ‡¹ğŸ‡­,Home,0.99,241d4f,ffffff,,,,,,,,,Thailand ğŸ‡¹ğŸ‡­,,,6_4,
com.flashforceapp.timorleste,National Soccer âš½,185,Timor Leste ğŸ‡¹ğŸ‡±,Home,0.99,dc241f,000000,ffc726,,,,,,,,Timor Leste ğŸ‡¹ğŸ‡±,,,6_4_2,
com.flashforceapp.turkmenistan,National Soccer âš½,186,Turkmenistan ğŸ‡¹ğŸ‡²,Home,0.99,28ae66,ffffff,,,,,,,,,Turkmenistan ğŸ‡¹ğŸ‡²,,,6_4,
com.flashforceapp.unitedarabemirates,National Soccer âš½,187,United Arab Emirates ğŸ‡¦ğŸ‡ª,Home,0.99,ff0000,ffffff,,,,,,,,,United Arab Emirates ğŸ‡¦ğŸ‡ª,,,6_4,
com.flashforceapp.uzbekistan,National Soccer âš½,188,Uzbekistan ğŸ‡ºğŸ‡¿,Home,0.99,0099b5,ffffff,,,,,,,,,Uzbekistan ğŸ‡ºğŸ‡¿,,,6_4,
com.flashforceapp.vietnam,National Soccer âš½,189,Vietnam ğŸ‡»ğŸ‡³,Home,0.99,DA251D,FFFF00,,,,,,,,,Vietnam ğŸ‡»ğŸ‡³,,,6_4,
com.flashforceapp.yemen,National Soccer âš½,190,Yemen ğŸ‡¾ğŸ‡ª,Home,0.99,ce1126,ffffff,000000,,,,,,,,Yemen ğŸ‡¾ğŸ‡ª,,,6_4_2,
com.flashforceapp.algeria,National Soccer âš½,191,Algeria ğŸ‡©ğŸ‡¿,Home,0.99,ffffff,006233,,,,,,,,,Algeria ğŸ‡©ğŸ‡¿,,,6_4,
com.flashforceapp.angola,National Soccer âš½,192,Angola ğŸ‡¦ğŸ‡´,Home,0.99,ce1126,000000,f9d616,,,,,,,,Angola ğŸ‡¦ğŸ‡´,,,6_4_2,
com.flashforceapp.benin,National Soccer âš½,193,Benin ğŸ‡§ğŸ‡¯,Home,0.99,fcd116,e8112d,008751,,,,,,,,Benin ğŸ‡§ğŸ‡¯,,,6_4_2,
com.flashforceapp.botswana,National Soccer âš½,194,Botswana ğŸ‡§ğŸ‡¼,Home,0.99,75aadb,000000,ffffff,,,,,,,,Botswana ğŸ‡§ğŸ‡¼,,,6_4_2,
com.flashforceapp.burkinafaso,National Soccer âš½,195,Burkina Faso ğŸ‡§ğŸ‡«,Home,0.99,009e49,ef2b2d,,,,,,,,,Burkina Faso ğŸ‡§ğŸ‡«,,,6_4,
com.flashforceapp.burundi,National Soccer âš½,196,Burundi ğŸ‡§ğŸ‡®,Home,0.99,ce1126,ffffff,1eb53a,,,,,,,,Burundi ğŸ‡§ğŸ‡®,,,6_4_2,
com.flashforceapp.cameroon,National Soccer âš½,197,Cameroon ğŸ‡¨ğŸ‡²,Home,0.99,007a5e,ce1126,fcd116,,,,,,,,Cameroon ğŸ‡¨ğŸ‡²,,,6_4_2,
com.flashforceapp.capeverde,National Soccer âš½,198,Cape Verde ğŸ‡¨ğŸ‡»,Home,0.99,003893,ffffff,cf2027,,,,,,,,Cape Verde ğŸ‡¨ğŸ‡»,,,6_4_2,
com.flashforceapp.centralafricanrepublic,National Soccer âš½,199,Central African Republic ğŸ‡¨ğŸ‡«,Home,0.99,ffffff,003082,,,,,,,,,Central African Republic ğŸ‡¨ğŸ‡«,,,6_4,
com.flashforceapp.chad,National Soccer âš½,200,Chad ğŸ‡¹ğŸ‡©,Home,0.99,002664,fecb00,c60c30,,,,,,,,Chad ğŸ‡¹ğŸ‡©,,,6_4_2,
com.flashforceapp.comoros,National Soccer âš½,201,Comoros ğŸ‡°ğŸ‡²,Home,0.99,ffffff,3d8e33,,,,,,,,,Comoros ğŸ‡°ğŸ‡²,,,6_4,
com.flashforceapp.congo,National Soccer âš½,202,Congo ğŸ‡¨ğŸ‡¬,Home,0.99,dc241f,ffffff,,,,,,,,,Congo ğŸ‡¨ğŸ‡¬,,,6_4,
com.flashforceapp.congodr,National Soccer âš½,203,Congo DR ğŸ‡¨ğŸ‡©,Home,0.99,007fff,ce1021,,,,,,,,,Congo DR ğŸ‡¨ğŸ‡©,,,6_4,
com.flashforceapp.djibouti,National Soccer âš½,204,Djibouti ğŸ‡©ğŸ‡¯,Home,0.99,ffffff,12ad2b,,,,,,,,,Djibouti ğŸ‡©ğŸ‡¯,,,6_4,
com.flashforceapp.egypt,National Soccer âš½,205,Egypt ğŸ‡ªğŸ‡¬,Home,0.99,ce1126,000000,ffffff,,,,,,,,Egypt ğŸ‡ªğŸ‡¬,,,6_4_2,
com.flashforceapp.equatorialguinea,National Soccer âš½,206,Equatorial Guinea ğŸ‡¬ğŸ‡¶,Home,0.99,e32118,ffffff,,,,,,,,,Equatorial Guinea ğŸ‡¬ğŸ‡¶,,,6_4,
com.flashforceapp.eritrea,National Soccer âš½,207,Eritrea ğŸ‡ªğŸ‡·,Home,0.99,4189dd,ea0437,12ad2b,,,,,,,,Eritrea ğŸ‡ªğŸ‡·,,,6_4_2,
com.flashforceapp.ethiopia,National Soccer âš½,208,Ethiopia ğŸ‡ªğŸ‡¹,Home,0.99,078930,fcdd09,da121a,,,,,,,,Ethiopia ğŸ‡ªğŸ‡¹,,,6_4_2,
com.flashforceapp.gabon,National Soccer âš½,209,Gabon ğŸ‡¬ğŸ‡¦,Home,0.99,fcd116,3a75c4,,,,,,,,,Gabon ğŸ‡¬ğŸ‡¦,,,6_4,
com.flashforceapp.gambia,National Soccer âš½,210,Gambia ğŸ‡¬ğŸ‡²,Home,0.99,ce1126,0c1c8c,3a7728,,,,,,,,Gambia ğŸ‡¬ğŸ‡²,,,6_4_2,
com.flashforceapp.ghana,National Soccer âš½,211,Ghana ğŸ‡¬ğŸ‡­,Home,0.99,ffffff,ce1126,fcd116,006b3f,000000,,,,,,Ghana ğŸ‡¬ğŸ‡­,,,6_4_2_2_2,
com.flashforceapp.guinea,National Soccer âš½,212,Guinea ğŸ‡¬ğŸ‡³,Home,0.99,ce1126,fcd116,009e49,,,,,,,,Guinea ğŸ‡¬ğŸ‡³,,,6_4_2,
com.flashforceapp.guineabissau,National Soccer âš½,213,Guinea Bissau ğŸ‡¬ğŸ‡¼,Home,0.99,ce1126,fcd116,009e49,,,,,,,,Guinea Bissau ğŸ‡¬ğŸ‡¼,,,6_4_2,
com.flashforceapp.ivorycoast,National Soccer âš½,214,Ivory Coast ğŸ‡¨ğŸ‡®,Home,0.99,f77f00,009e60,,,,,,,,,Ivory Coast ğŸ‡¨ğŸ‡®,,,6_4,
com.flashforceapp.kenya,National Soccer âš½,215,Kenya ğŸ‡°ğŸ‡ª,Home,0.99,bb0000,ffffff,,,,,,,,,Kenya ğŸ‡°ğŸ‡ª,,,6_4,
com.flashforceapp.lesotho,National Soccer âš½,216,Lesotho ğŸ‡±ğŸ‡¸,Home,0.99,00209f,009543,ffffff,,,,,,,,Lesotho ğŸ‡±ğŸ‡¸,,,6_4_2,
com.flashforceapp.liberia,National Soccer âš½,217,Liberia ğŸ‡±ğŸ‡·,Home,0.99,bf0a30,ffffff,002868,,,,,,,,Liberia ğŸ‡±ğŸ‡·,,,6_4_2,
com.flashforceapp.libya,National Soccer âš½,218,Libya ğŸ‡±ğŸ‡¾,Home,0.99,ff0000,000000,ffffff,,,,,,,,Libya ğŸ‡±ğŸ‡¾,,,6_4_2,
com.flashforceapp.madagascar,National Soccer âš½,219,Madagascar ğŸ‡²ğŸ‡¬,Home,0.99,007e3a,ffffff,,,,,,,,,Madagascar ğŸ‡²ğŸ‡¬,,,6_4,
com.flashforceapp.malawi,National Soccer âš½,220,Malawi ğŸ‡²ğŸ‡¼,Home,0.99,ce1126,ffffff,339e35,,,,,,,,Malawi ğŸ‡²ğŸ‡¼,,,6_4_2,
com.flashforceapp.mali,National Soccer âš½,221,Mali ğŸ‡²ğŸ‡±,Home,0.99,fcd116,ce1126,14b53a,,,,,,,,Mali ğŸ‡²ğŸ‡±,,,6_4_2,
com.flashforceapp.mauritania,National Soccer âš½,222,Mauritania ğŸ‡²ğŸ‡·,Home,0.99,006233,ffc400,,,,,,,,,Mauritania ğŸ‡²ğŸ‡·,,,6_4,
com.flashforceapp.mauritius,National Soccer âš½,223,Mauritius ğŸ‡²ğŸ‡º,Home,0.99,ffffff,ea2839,,,,,,,,,Mauritius ğŸ‡²ğŸ‡º,,,6_4,
com.flashforceapp.morocco,National Soccer âš½,224,Morocco ğŸ‡²ğŸ‡¦,Home,0.99,c1272d,006233,,,,,,,,,Morocco ğŸ‡²ğŸ‡¦,,,6_4,
com.flashforceapp.mozambique,National Soccer âš½,225,Mozambique ğŸ‡²ğŸ‡¿,Home,0.99,D21034,000000,,,,,,,,,Mozambique ğŸ‡²ğŸ‡¿,,,6_4,
com.flashforceapp.namibia,National Soccer âš½,226,Namibia ğŸ‡³ğŸ‡¦,Home,0.99,D21034,ffffff,,,,,,,,,Namibia ğŸ‡³ğŸ‡¦,,,6_4,
com.flashforceapp.niger,National Soccer âš½,227,Niger ğŸ‡³ğŸ‡ª,Home,0.99,ffffff,E05206,0DB02B,,,,,,,,Niger ğŸ‡³ğŸ‡ª,,,6_4_2,
com.flashforceapp.nigeria,National Soccer âš½,228,Nigeria ğŸ‡³ğŸ‡¬,Home,0.99,008751,ffffff,,,,,,,,,Nigeria ğŸ‡³ğŸ‡¬,,,6_4,
com.flashforceapp.reunion,National Soccer âš½,229,Reunion ğŸ‡·ğŸ‡ª,Home,0.99,008000,ff0000,,,,,,,,,Reunion ğŸ‡·ğŸ‡ª,,,6_4,
com.flashforceapp.rwanda,National Soccer âš½,230,Rwanda ğŸ‡·ğŸ‡¼,Home,0.99,fad201,20603d,00a1de,,,,,,,,Rwanda ğŸ‡·ğŸ‡¼,,,6_4_2,
com.flashforceapp.saotomeandprincipe,National Soccer âš½,231,Sao Tome and Principe ğŸ‡¸ğŸ‡¹,Home,0.99,12ad2b,d21034,000000,,,,,,,,Sao Tome and Principe ğŸ‡¸ğŸ‡¹,,,6_4_2,
com.flashforceapp.senegal,National Soccer âš½,232,Senegal ğŸ‡¸ğŸ‡³,Home,0.99,fcd856,d62828,007a3d,,,,,,,,Senegal ğŸ‡¸ğŸ‡³,,,6_4_2,
com.flashforceapp.seychelles,National Soccer âš½,233,Seychelles ğŸ‡¸ğŸ‡¨,Home,0.99,ffffff,d62828,,,,,,,,,Seychelles ğŸ‡¸ğŸ‡¨,,,6_4,
com.flashforceapp.sierraleone,National Soccer âš½,234,Sierra Leone ğŸ‡¸ğŸ‡±,Home,0.99,1eb53a,0072c6,,,,,,,,,Sierra Leone ğŸ‡¸ğŸ‡±,,,6_4,
com.flashforceapp.somalia,National Soccer âš½,235,Somalia ğŸ‡¸ğŸ‡´,Home,0.99,4189dd,ffffff,,,,,,,,,Somalia ğŸ‡¸ğŸ‡´,,,6_4,
com.flashforceapp.southafrica,National Soccer âš½,236,South Africa ğŸ‡¿ğŸ‡¦,Home,0.99,ffb612,007a4d,,,,,,,,,South Africa ğŸ‡¿ğŸ‡¦,,,6_4,
com.flashforceapp.southsudan,National Soccer âš½,237,South Sudan ğŸ‡¸ğŸ‡¸,Home,0.99,ffffff,0f47af,,,,,,,,,South Sudan ğŸ‡¸ğŸ‡¸,,,6_4,
com.flashforceapp.sudan,National Soccer âš½,238,Sudan ğŸ‡¸ğŸ‡©,Home,0.99,d21034,ffffff,,,,,,,,,Sudan ğŸ‡¸ğŸ‡©,,,6_4,
com.flashforceapp.swaziland,National Soccer âš½,239,Swaziland ğŸ‡¸ğŸ‡¿,Home,0.99,3e5eb9,ffd900,,,,,,,,,Swaziland ğŸ‡¸ğŸ‡¿,,,6_4,
com.flashforceapp.tanzania,National Soccer âš½,240,Tanzania ğŸ‡¹ğŸ‡¿,Home,0.99,3f60cb,000000,1eb53a,,,,,,,,Tanzania ğŸ‡¹ğŸ‡¿,,,6_4_2,
com.flashforceapp.togo,National Soccer âš½,241,Togo ğŸ‡¹ğŸ‡¬,Home,0.99,ffce00,006a4e,,,,,,,,,Togo ğŸ‡¹ğŸ‡¬,,,6_4,
com.flashforceapp.tunisia,National Soccer âš½,242,Tunisia ğŸ‡¹ğŸ‡³,Home,0.99,ffffff,e70013,,,,,,,,,Tunisia ğŸ‡¹ğŸ‡³,,,6_4,
com.flashforceapp.uganda,National Soccer âš½,243,Uganda ğŸ‡ºğŸ‡¬,Home,0.99,fcdc04,000000,,,,,,,,,Uganda ğŸ‡ºğŸ‡¬,,,6_4,
com.flashforceapp.zambia,National Soccer âš½,244,Zambia ğŸ‡¿ğŸ‡²,Home,0.99,198a00,ef7d00,000000,,,,,,,,Zambia ğŸ‡¿ğŸ‡²,,,6_4_2,
com.flashforceapp.zanzibar,National Soccer âš½,245,Zanzibar,Home,0.99,1eb53a,ffffff,,,,,,,,,Zanzibar,,,6_4,
com.flashforceapp.zimbabwe,National Soccer âš½,246,Zimbabwe ğŸ‡¿ğŸ‡¼,Home,0.99,ffd200,319208,,,,,,,,,Zimbabwe ğŸ‡¿ğŸ‡¼,,,6_4,
com.flashforceapp.anguilla,National Soccer âš½,247,Anguilla ğŸ‡¦ğŸ‡®,Home,0.99,ff9900,ffffff,,,,,,,,,Anguilla ğŸ‡¦ğŸ‡®,,,6_4,
com.flashforceapp.antiguaandbarbuda,National Soccer âš½,248,Antigua and Barbuda ğŸ‡¦ğŸ‡¬,Home,0.99,fcd116,000000,0072c6,ce1126,,,,,,,Antigua and Barbuda ğŸ‡¦ğŸ‡¬,,,6_4_2_2,
com.flashforceapp.aruba,National Soccer âš½,249,Aruba ğŸ‡¦ğŸ‡¼,Home,0.99,f9d616,4189dd,,,,,,,,,Aruba ğŸ‡¦ğŸ‡¼,,,6_4,
com.flashforceapp.bahamas,National Soccer âš½,250,Bahamas ğŸ‡§ğŸ‡¸,Home,0.99,fae042,000000,00abc9,,,,,,,,Bahamas ğŸ‡§ğŸ‡¸,,,6_4_2,
com.flashforceapp.barbados,National Soccer âš½,251,Barbados ğŸ‡§ğŸ‡§,Home,0.99,ffc726,00267f,,,,,,,,,Barbados ğŸ‡§ğŸ‡§,,,6_4,
com.flashforceapp.belize,National Soccer âš½,252,Belize ğŸ‡§ğŸ‡¿,Home,0.99,003f87,ce1126,ffffff,,,,,,,,Belize ğŸ‡§ğŸ‡¿,,,6_4_2,
com.flashforceapp.bermuda,National Soccer âš½,253,Bermuda ğŸ‡§ğŸ‡²,Home,0.99,cf142b,ffffff,,,,,,,,,Bermuda ğŸ‡§ğŸ‡²,,,6_4,
com.flashforceapp.bonaire,National Soccer âš½,254,Bonaire ğŸ‡§ğŸ‡¶,Home,0.99,f9d90f,012a87,,,,,,,,,Bonaire ğŸ‡§ğŸ‡¶,,,6_4,
com.flashforceapp.britishvirginislands,National Soccer âš½,255,British Virgin Islands ğŸ‡»ğŸ‡¬,Home,0.99,006129,f7c600,,,,,,,,,British Virgin Islands ğŸ‡»ğŸ‡¬,,,6_4,
com.flashforceapp.canada,National Soccer âš½,256,Canada ğŸ‡¨ğŸ‡¦,Home,0.99,ff0000,ffffff,000000,,,,,,,,Canada ğŸ‡¨ğŸ‡¦,,,6_4_2,
com.flashforceapp.caymanislands,National Soccer âš½,257,Cayman Islands ğŸ‡°ğŸ‡¾,Home,0.99,ffffff,cf142b,,,,,,,,,Cayman Islands ğŸ‡°ğŸ‡¾,,,6_4,
com.flashforceapp.costarica,National Soccer âš½,258,Costa Rica ğŸ‡¨ğŸ‡·,Home,0.99,ce1126,002b7f,,,,,,,,,Costa Rica ğŸ‡¨ğŸ‡·,,,6_4,
com.flashforceapp.cuba,National Soccer âš½,259,Cuba ğŸ‡¨ğŸ‡º,Home,0.99,cf142b,ffffff,002a8f,,,,,,,,Cuba ğŸ‡¨ğŸ‡º,,,6_4_2,
com.flashforceapp.curacao,National Soccer âš½,260,Curacao ğŸ‡¨ğŸ‡¼,Home,0.99,002b7f,f9e814,ffffff,,,,,,,,Curacao ğŸ‡¨ğŸ‡¼,,,6_4_2,
com.flashforceapp.dominica,National Soccer âš½,261,Dominica ğŸ‡©ğŸ‡²,Home,0.99,006b3f,fcd116,000000,,,,,,,,Dominica ğŸ‡©ğŸ‡²,,,6_4_2,
com.flashforceapp.dominicanrepublic,National Soccer âš½,262,Dominican Republic ğŸ‡©ğŸ‡´,Home,0.99,002d62,ffffff,,,,,,,,,Dominican Republic ğŸ‡©ğŸ‡´,,,6_4,
com.flashforceapp.elsalvador,National Soccer âš½,263,El Salvador ğŸ‡¸ğŸ‡»,Home,0.99,0f47af,ffffff,,,,,,,,,El Salvador ğŸ‡¸ğŸ‡»,,,6_4,
com.flashforceapp.frenchguiana,National Soccer âš½,264,French Guiana ğŸ‡¬ğŸ‡«,Home,0.99,fcdd09,002395,078930,da121a,,,,,,,French Guiana ğŸ‡¬ğŸ‡«,,,6_4_2_2,
com.flashforceapp.grenada,National Soccer âš½,265,Grenada ğŸ‡¬ğŸ‡©,Home,0.99,fcd116,007a5e,,,,,,,,,Grenada ğŸ‡¬ğŸ‡©,,,6_4,
com.flashforceapp.guadeloupe,National Soccer âš½,266,Guadeloupe ğŸ‡¬ğŸ‡µ,Home,0.99,3e6107,da121a,,,,,,,,,Guadeloupe ğŸ‡¬ğŸ‡µ,,,6_4,
com.flashforceapp.guatemala,National Soccer âš½,267,Guatemala ğŸ‡¬ğŸ‡¹,Home,0.99,4997d0,ffffff,,,,,,,,,Guatemala ğŸ‡¬ğŸ‡¹,,,6_4,
com.flashforceapp.guyana,National Soccer âš½,268,Guyana ğŸ‡¬ğŸ‡¾,Home,0.99,009e49,ffffff,,,,,,,,,Guyana ğŸ‡¬ğŸ‡¾,,,6_4,
com.flashforceapp.haiti,National Soccer âš½,269,Haiti ğŸ‡­ğŸ‡¹,Home,0.99,00209f,d21034,,,,,,,,,Haiti ğŸ‡­ğŸ‡¹,,,6_4,
com.flashforceapp.honduras,National Soccer âš½,270,Honduras ğŸ‡­ğŸ‡³,Home,0.99,ffffff,0073cf,,,,,,,,,Honduras ğŸ‡­ğŸ‡³,,,6_4,
com.flashforceapp.jamaica,National Soccer âš½,271,Jamaica ğŸ‡¯ğŸ‡²,Home,0.99,fed100,009b3a,000000,,,,,,,,Jamaica ğŸ‡¯ğŸ‡²,,,6_4_2,
com.flashforceapp.martinique,National Soccer âš½,272,Martinique ğŸ‡²ğŸ‡¶,Home,0.99,ffffff,21428e,,,,,,,,,Martinique ğŸ‡²ğŸ‡¶,,,6_4,
com.flashforceapp.mexico,National Soccer âš½,273,Mexico ğŸ‡²ğŸ‡½,Home,0.99,006847,ffffff,ce1126,,,,,,,,Mexico ğŸ‡²ğŸ‡½,,,6_4_2,
com.flashforceapp.montserrat,National Soccer âš½,274,Montserrat ğŸ‡²ğŸ‡¸,Home,0.99,000000,cf142b,,,,,,,,,Montserrat ğŸ‡²ğŸ‡¸,,,6_4,
com.flashforceapp.nicaragua,National Soccer âš½,275,Nicaragua ğŸ‡³ğŸ‡®,Home,0.99,0067C6,000000,,,,,,,,,Nicaragua ğŸ‡³ğŸ‡®,,,6_4,
com.flashforceapp.panama,National Soccer âš½,276,Panama ğŸ‡µğŸ‡¦,Home,0.99,d21034,ffffff,,,,,,,,,Panama ğŸ‡µğŸ‡¦,,,6_4,
com.flashforceapp.puertorico,National Soccer âš½,277,Puerto Rico ğŸ‡µğŸ‡·,Home,0.99,ed0000,ffffff,0050f0,,,,,,,,Puerto Rico ğŸ‡µğŸ‡·,,,6_4_2,
com.flashforceapp.saintkittsandnevis,National Soccer âš½,278,Saint Kitts and Nevis ğŸ‡°ğŸ‡³,Home,0.99,ce1126,ffffff,,,,,,,,,Saint Kitts and Nevis ğŸ‡°ğŸ‡³,,,6_4,
com.flashforceapp.saintlucia,National Soccer âš½,279,Saint Lucia ğŸ‡±ğŸ‡¨,Home,0.99,fcd116,000000,66ccff,,,,,,,,Saint Lucia ğŸ‡±ğŸ‡¨,,,6_4_2,
com.flashforceapp.saintmartin,National Soccer âš½,280,Saint Martin ğŸ‡²ğŸ‡«,Home,0.99,ffffff,ed2939,,,,,,,,,Saint Martin ğŸ‡²ğŸ‡«,,,6_4,
com.flashforceapp.saintvincentandthegrenadines,National Soccer âš½,281,Saint Vincent ğŸ‡»ğŸ‡¨,Home,0.99,fcd116,009e60,0072c6,,,,,,,,Saint Vincent ğŸ‡»ğŸ‡¨,,,6_4_2,
com.flashforceapp.sintmaarten,National Soccer âš½,282,Sint Maarten ğŸ‡¸ğŸ‡½,Home,0.99,012a87,dc171d,,,,,,,,,Sint Maarten ğŸ‡¸ğŸ‡½,,,6_4,
com.flashforceapp.suriname,National Soccer âš½,283,Suriname ğŸ‡¸ğŸ‡·,Home,0.99,ffffff,377e3f,b40a2d,,,,,,,,Suriname ğŸ‡¸ğŸ‡·,,,6_4_2,
com.flashforceapp.trinidadandtobago,National Soccer âš½,284,Trinidad and Tobago ğŸ‡¹ğŸ‡¹,Home,0.99,ce1126,000000,ffffff,,,,,,,,Trinidad and Tobago ğŸ‡¹ğŸ‡¹,,,6_4_2,
com.flashforceapp.turksandcaicosislands,National Soccer âš½,285,Turks and Caicos ğŸ‡¹ğŸ‡¨,Home,0.99,00247d,ffffff,,,,,,,,,Turks and Caicos ğŸ‡¹ğŸ‡¨,,,6_4,
com.flashforceapp.usvirginislands,National Soccer âš½,286,US Virgin Islands ğŸ‡»ğŸ‡®,Home,0.99,0081c6,f4c53d,,,,,,,,,US Virgin Islands ğŸ‡»ğŸ‡®,,,6_4,
com.flashforceapp.usa,National Soccer âš½,287,USA ğŸ‡ºğŸ‡¸,Home,0.99,bf0a30,ffffff,002868,,,,,,,,USA ğŸ‡ºğŸ‡¸,,,6_4_2,
com.flashforceapp.argentina,National Soccer âš½,288,Argentina ğŸ‡¦ğŸ‡·,Home,0.99,74acdf,ffffff,,,,,,,,,Argentina ğŸ‡¦ğŸ‡·,,,6_4,
com.flashforceapp.bolivia,National Soccer âš½,289,Bolivia ğŸ‡§ğŸ‡´,Home,0.99,007934,ffffff,d52b1e,ffe000,,,,,,,Bolivia ğŸ‡§ğŸ‡´,,,6_4_2_2,
com.flashforceapp.brazil,National Soccer âš½,290,Brazil ğŸ‡§ğŸ‡·,Home,0.99,fedf00,002776,ffffff,009b3a,,,,,,,Brazil ğŸ‡§ğŸ‡·,,,6_4_2_2,
com.flashforceapp.chile,National Soccer âš½,291,Chile ğŸ‡¨ğŸ‡±,Home,0.99,d52b1e,0039a6,ffffff,,,,,,,,Chile ğŸ‡¨ğŸ‡±,,,6_4_2,
com.flashforceapp.colombia,National Soccer âš½,292,Colombia ğŸ‡¨ğŸ‡´,Home,0.99,fcd116,000000,ce1126,,,,,,,,Colombia ğŸ‡¨ğŸ‡´,,,6_4_2,
com.flashforceapp.ecuador,National Soccer âš½,293,Ecuador ğŸ‡ªğŸ‡¨,Home,0.99,ffdd00,034ea2,ed1c24,,,,,,,,Ecuador ğŸ‡ªğŸ‡¨,,,6_4_2,
com.flashforceapp.paraguay,National Soccer âš½,294,Paraguay ğŸ‡µğŸ‡¾,Home,0.99,ffffff,ce1126,0038a8,,,,,,,,Paraguay ğŸ‡µğŸ‡¾,,,6_4_2,
com.flashforceapp.peru,National Soccer âš½,295,Peru ğŸ‡µğŸ‡ª,Home,0.99,ffffff,d91023,,,,,,,,,Peru ğŸ‡µğŸ‡ª,,,6_4,
com.flashforceapp.uruguay,National Soccer âš½,296,Uruguay ğŸ‡ºğŸ‡¾,Home,0.99,799fcc,000000,,,,,,,,,Uruguay ğŸ‡ºğŸ‡¾,,,6_4,
com.flashforceapp.venezuela,National Soccer âš½,297,Venezuela ğŸ‡»ğŸ‡ª,Home,0.99,cf142b,ffffff,,,,,,,,,Venezuela ğŸ‡»ğŸ‡ª,,,6_4,
com.flashforceapp.americansamoa,National Soccer âš½,298,American Samoa ğŸ‡¦ğŸ‡¸,Home,0.99,ffffff,ce1126,002b7f,,,,,,,,American Samoa ğŸ‡¦ğŸ‡¸,,,6_4_2,
com.flashforceapp.cookislands,National Soccer âš½,299,Cook Islands ğŸ‡¨ğŸ‡°,Home,0.99,00923f,ffffff,,,,,,,,,Cook Islands ğŸ‡¨ğŸ‡°,,,6_4,
com.flashforceapp.fiji,National Soccer âš½,300,Fiji ğŸ‡«ğŸ‡¯,Home,0.99,ffffff,000000,,,,,,,,,Fiji ğŸ‡«ğŸ‡¯,,,6_4,
com.flashforceapp.kiribati,National Soccer âš½,301,Kiribati ğŸ‡°ğŸ‡®,Home,0.99,ce1126,003f87,fcd116,,,,,,,,Kiribati ğŸ‡°ğŸ‡®,,,6_4_2,
com.flashforceapp.newcaledonia,National Soccer âš½,302,New  Caledonia ğŸ‡³ğŸ‡¨,Home,0.99,ED4135,ffffff,,,,,,,,,New  Caledonia ğŸ‡³ğŸ‡¨,,,6_4,
com.flashforceapp.newzealand,National Soccer âš½,303,New Zealand ğŸ‡³ğŸ‡¿,Home,0.99,ffffff,000000,,,,,,,,,New Zealand ğŸ‡³ğŸ‡¿,,,6_4,
com.flashforceapp.niue,National Soccer âš½,304,Niue ğŸ‡³ğŸ‡º,Home,0.99,F7E017,008000,,,,,,,,,Niue ğŸ‡³ğŸ‡º,,,6_4,
com.flashforceapp.papuanewguinea,National Soccer âš½,305,Papua New Guinea ğŸ‡µğŸ‡¬,Home,0.99,ce1126,ffffff,000000,fcd116,,,,,,,Papua New Guinea ğŸ‡µğŸ‡¬,,,6_4_2_2,
com.flashforceapp.samoa,National Soccer âš½,306,Samoa ğŸ‡¦ğŸ‡¸,Home,0.99,002B7F,ffffff,,,,,,,,,Samoa ğŸ‡¦ğŸ‡¸,,,6_4,
com.flashforceapp.solomonislands,National Soccer âš½,307,Solomon Islands ğŸ‡¸ğŸ‡§,Home,0.99,fcd116,215b33,0051ba,,,,,,,,Solomon Islands ğŸ‡¸ğŸ‡§,,,6_4_2,
com.flashforceapp.tahiti,National Soccer âš½,308,Tahiti ğŸ‡µğŸ‡«,Home,0.99,ffffff,ce1126,,,,,,,,,Tahiti ğŸ‡µğŸ‡«,,,6_4,
com.flashforceapp.tonga,National Soccer âš½,309,Tonga ğŸ‡¹ğŸ‡´,Home,0.99,ffffff,c10000,,,,,,,,,Tonga ğŸ‡¹ğŸ‡´,,,6_4,
com.flashforceapp.tuvalu,National Soccer âš½,310,Tuvalu ğŸ‡¹ğŸ‡»,Home,0.99,5b97b1,ffce00,ffffff,,,,,,,,Tuvalu ğŸ‡¹ğŸ‡»,,,6_4_2,
com.flashforceapp.vanuatu,National Soccer âš½,311,Vanuatu ğŸ‡»ğŸ‡º,Home,0.99,fdce12,d21034,009543,,,,,,,,Vanuatu ğŸ‡»ğŸ‡º,,,6_4_2,
com.flashforceapp.albania,National Soccer âš½,312,Albania ğŸ‡¦ğŸ‡±,Home,0.99,e41e20,000000,ffffff,,,,,,,,Albania ğŸ‡¦ğŸ‡±,,,6_4_2,
com.flashforceapp.andorra,National Soccer âš½,313,Andorra ğŸ‡¦ğŸ‡©,Home,0.99,d0103a,fedf00,0018a8,,,,,,,,Andorra ğŸ‡¦ğŸ‡©,,,6_4_2,
com.flashforceapp.armenia,National Soccer âš½,314,Armenia ğŸ‡¦ğŸ‡²,Home,0.99,d90012,ffffff,,,,,,,,,Armenia ğŸ‡¦ğŸ‡²,,,6_4,
com.flashforceapp.austria,National Soccer âš½,315,Austria ğŸ‡¦ğŸ‡¹,Home,0.99,ed2939,ffffff,,,,,,,,,Austria ğŸ‡¦ğŸ‡¹,,,6_4,
com.flashforceapp.azerbaijan,National Soccer âš½,316,Azerbaijan ğŸ‡¦ğŸ‡¿,Home,0.99,e00034,0098c3,00ae65,,,,,,,,Azerbaijan ğŸ‡¦ğŸ‡¿,,,6_4_2,
com.flashforceapp.belarus,National Soccer âš½,317,Belarus ğŸ‡§ğŸ‡¾,Home,0.99,c8313e,ffffff,,,,,,,,,Belarus ğŸ‡§ğŸ‡¾,,,6_4,
com.flashforceapp.belgium,National Soccer âš½,318,Belgium ğŸ‡§ğŸ‡ª,Home,0.99,ed2939,ffffff,,,,,,,,,Belgium ğŸ‡§ğŸ‡ª,,,6_4,
com.flashforceapp.bosniaherzegovina,National Soccer âš½,319,Bosnia Herzegovina ğŸ‡§ğŸ‡¦,Home,0.99,002395,ffffff,,,,,,,,,Bosnia Herzegovina ğŸ‡§ğŸ‡¦,,,6_4,
com.flashforceapp.bulgaria,National Soccer âš½,320,Bulgaria ğŸ‡§ğŸ‡¬,Home,0.99,ffffff,00966e,d62612,,,,,,,,Bulgaria ğŸ‡§ğŸ‡¬,,,6_4_2,
com.flashforceapp.croatia,National Soccer âš½,321,Croatia ğŸ‡­ğŸ‡·,Home,0.99,ff0000,ffffff,171796,,,,,,,,Croatia ğŸ‡­ğŸ‡·,,,6_4_2,
com.flashforceapp.cyprus,National Soccer âš½,322,Cyprus ğŸ‡¨ğŸ‡¾,Home,0.99,002868,ffffff,,,,,,,,,Cyprus ğŸ‡¨ğŸ‡¾,,,6_4,
com.flashforceapp.czechrepublic,National Soccer âš½,323,Czech Republic ğŸ‡¨ğŸ‡¿,Home,0.99,d7141a,11457e,,,,,,,,,Czech Republic ğŸ‡¨ğŸ‡¿,,,6_4,
com.flashforceapp.denmark,National Soccer âš½,324,Denmark ğŸ‡©ğŸ‡°,Home,0.99,ce0000,ffffff,,,,,,,,,Denmark ğŸ‡©ğŸ‡°,,,6_4,
com.flashforceapp.england,National Soccer âš½,325,England ğŸ‡¬ğŸ‡§,Home,0.99,ffffff,ce1124,,,,,,,,,England ğŸ‡¬ğŸ‡§,,,6_4,
com.flashforceapp.estonia,National Soccer âš½,326,Estonia ğŸ‡ªğŸ‡ª,Home,0.99,4891d9,000000,ffffff,,,,,,,,Estonia ğŸ‡ªğŸ‡ª,,,6_4_2,
com.flashforceapp.faroeislands,National Soccer âš½,327,Faroe Islands ğŸ‡«ğŸ‡´,Home,0.99,ffffff,0065bd,,,,,,,,,Faroe Islands ğŸ‡«ğŸ‡´,,,6_4,
com.flashforceapp.finland,National Soccer âš½,328,Finland ğŸ‡«ğŸ‡®,Home,0.99,ffffff,003580,,,,,,,,,Finland ğŸ‡«ğŸ‡®,,,6_4,
com.flashforceapp.france,National Soccer âš½,329,France ğŸ‡«ğŸ‡·,Home,0.99,002395,ffffff,ed2939,,,,,,,,France ğŸ‡«ğŸ‡·,,,6_4_2,
com.flashforceapp.fyrmacedonia,National Soccer âš½,330,FYR Macedonia ğŸ‡²ğŸ‡°,Home,0.99,d20000,ffe600,,,,,,,,,FYR Macedonia ğŸ‡²ğŸ‡°,,,6_4,
com.flashforceapp.georgia,National Soccer âš½,331,Georgia ğŸ‡¬ğŸ‡ª,Home,0.99,ffffff,ff0000,,,,,,,,,Georgia ğŸ‡¬ğŸ‡ª,,,6_4,
com.flashforceapp.germany,National Soccer âš½,332,Germany ğŸ‡©ğŸ‡ª,Home,0.99,ffffff,dd0000,000000,,,,,,,,Germany ğŸ‡©ğŸ‡ª,,,6_4_2,
com.flashforceapp.gibraltar,National Soccer âš½,333,Gibraltar ğŸ‡¬ğŸ‡®,Home,0.99,da000c,ffffff,,,,,,,,,Gibraltar ğŸ‡¬ğŸ‡®,,,6_4,
com.flashforceapp.greece,National Soccer âš½,334,Greece ğŸ‡¬ğŸ‡·,Home,0.99,ffffff,0d5eaf,,,,,,,,,Greece ğŸ‡¬ğŸ‡·,,,6_4,
com.flashforceapp.hungary,National Soccer âš½,335,Hungary ğŸ‡­ğŸ‡º,Home,0.99,cd2a3e,ffffff,436f4d,,,,,,,,Hungary ğŸ‡­ğŸ‡º,,,6_4_2,
com.flashforceapp.iceland,National Soccer âš½,336,Iceland ğŸ‡®ğŸ‡¸,Home,0.99,003897,D72828,ffffff,,,,,,,,Iceland ğŸ‡®ğŸ‡¸,,,6_4_2,
com.flashforceapp.israel,National Soccer âš½,337,Israel ğŸ‡®ğŸ‡±,Home,0.99,0038b8,ffffff,,,,,,,,,Israel ğŸ‡®ğŸ‡±,,,6_4,
com.flashforceapp.italy,National Soccer âš½,338,Italy ğŸ‡®ğŸ‡¹,Home,0.99,18B9F8,ffffff,,,,,,,,,Italy ğŸ‡®ğŸ‡¹,,,6_4,
com.flashforceapp.kazakhstan,National Soccer âš½,339,Kazakhstan ğŸ‡°ğŸ‡¿,Home,0.99,fec50c,00afca,,,,,,,,,Kazakhstan ğŸ‡°ğŸ‡¿,,,6_4,
com.flashforceapp.latvia,National Soccer âš½,340,Latvia ğŸ‡±ğŸ‡»,Home,0.99,9e3039,ffffff,,,,,,,,,Latvia ğŸ‡±ğŸ‡»,,,6_4,
com.flashforceapp.liechtenstein,National Soccer âš½,341,Liechtenstein ğŸ‡±ğŸ‡®,Home,0.99,002b7f,ce1126,,,,,,,,,Liechtenstein ğŸ‡±ğŸ‡®,,,6_4,
com.flashforceapp.lithuania,National Soccer âš½,342,Lithuania ğŸ‡±ğŸ‡¹,Home,0.99,fdb913,006a44,,,,,,,,,Lithuania ğŸ‡±ğŸ‡¹,,,6_4,
com.flashforceapp.luxembourg,National Soccer âš½,343,Luxembourg ğŸ‡±ğŸ‡º,Home,0.99,ffffff,00a1de,,,,,,,,,Luxembourg ğŸ‡±ğŸ‡º,,,6_4,
com.flashforceapp.malta,National Soccer âš½,344,Malta ğŸ‡²ğŸ‡¹,Home,0.99,cf142b,ffffff,,,,,,,,,Malta ğŸ‡²ğŸ‡¹,,,6_4,
com.flashforceapp.moldova,National Soccer âš½,345,Moldova ğŸ‡²ğŸ‡©,Home,0.99,0046ae,ffd200,,,,,,,,,Moldova ğŸ‡²ğŸ‡©,,,6_4,
com.flashforceapp.montenegro,National Soccer âš½,346,Montenegro ğŸ‡²ğŸ‡ª,Home,0.99,c40308,d4af3a,,,,,,,,,Montenegro ğŸ‡²ğŸ‡ª,,,6_4,
com.flashforceapp.netherlands,National Soccer âš½,347,Netherlands ğŸ‡³ğŸ‡±,Home,0.99,FF8400,ffffff,,,,,,,,,Netherlands ğŸ‡³ğŸ‡±,,,6_4,
com.flashforceapp.northernireland,National Soccer âš½,348,Northern Ireland,Home,0.99,0b8f47,ffffff,,,,,,,,,Northern Ireland,,,6_4,
com.flashforceapp.norway,National Soccer âš½,349,Norway ğŸ‡³ğŸ‡´,Home,0.99,ef2b2d,ffffff,002868,,,,,,,,Norway ğŸ‡³ğŸ‡´,,,6_4_2,
com.flashforceapp.poland,National Soccer âš½,350,Poland ğŸ‡µğŸ‡±,Home,0.99,ffffff,dc143c,,,,,,,,,Poland ğŸ‡µğŸ‡±,,,6_4,
com.flashforceapp.portugal,National Soccer âš½,351,Portugal ğŸ‡µğŸ‡¹,Home,0.99,7D0013,FF0000,,,,,,,,,Portugal ğŸ‡µğŸ‡¹,,,6_4,
com.flashforceapp.republicofireland,National Soccer âš½,352,Republic of Ireland ğŸ‡®ğŸ‡ª,Home,0.99,009b48,ffffff,,,,,,,,,Republic of Ireland ğŸ‡®ğŸ‡ª,,,6_4,
com.flashforceapp.romania,National Soccer âš½,353,Romania ğŸ‡·ğŸ‡´,Home,0.99,fcd116,ce1126,,,,,,,,,Romania ğŸ‡·ğŸ‡´,,,6_4,
com.flashforceapp.russia,National Soccer âš½,354,Russia ğŸ‡·ğŸ‡º,Home,0.99,e8112d,ffffff,1199ff,,,,,,,,Russia ğŸ‡·ğŸ‡º,,,6_4_2,
com.flashforceapp.sanmarino,National Soccer âš½,355,San Marino ğŸ‡¸ğŸ‡²,Home,0.99,5eb6e4,ffffff,,,,,,,,,San Marino ğŸ‡¸ğŸ‡²,,,6_4,
com.flashforceapp.scotland,National Soccer âš½,356,Scotland,Home,0.99,0065bd,ffffff,,,,,,,,,Scotland,,,6_4,
com.flashforceapp.serbia,National Soccer âš½,357,Serbia ğŸ‡·ğŸ‡¸,Home,0.99,c6363c,0c4076,ffffff,,,,,,,,Serbia ğŸ‡·ğŸ‡¸,,,6_4_2,
com.flashforceapp.slovakia,National Soccer âš½,358,Slovakia ğŸ‡¸ğŸ‡°,Home,0.99,ffffff,0b4ea2,ee1c25,,,,,,,,Slovakia ğŸ‡¸ğŸ‡°,,,6_4_2,
com.flashforceapp.slovenia,National Soccer âš½,359,Slovenia ğŸ‡¸ğŸ‡®,Home,0.99,ffffff,005da4,,,,,,,,,Slovenia ğŸ‡¸ğŸ‡®,,,6_4,
com.flashforceapp.spain,National Soccer âš½,360,Spain ğŸ‡ªğŸ‡¸,Home,0.99,da121a,fcdd09,0071bc,,,,,,,,Spain ğŸ‡ªğŸ‡¸,,,6_4_2,
com.flashforceapp.sweden,National Soccer âš½,361,Sweden ğŸ‡¸ğŸ‡ª,Home,0.99,006aa7,fecc00,,,,,,,,,Sweden ğŸ‡¸ğŸ‡ª,,,6_4,
com.flashforceapp.switzerland,National Soccer âš½,362,Switzerland ğŸ‡¨ğŸ‡­,Home,0.99,d52b1e,ffffff,,,,,,,,,Switzerland ğŸ‡¨ğŸ‡­,,,6_4,
com.flashforceapp.turkey,National Soccer âš½,363,Turkey ğŸ‡¹ğŸ‡·,Home,0.99,e30a17,ffffff,,,,,,,,,Turkey ğŸ‡¹ğŸ‡·,,,6_4,
com.flashforceapp.ukraine,National Soccer âš½,364,Ukraine ğŸ‡ºğŸ‡¦,Home,0.99,005bbb,ffd500,,,,,,,,,Ukraine ğŸ‡ºğŸ‡¦,,,6_4,
com.flashforceapp.wales,National Soccer âš½,365,Wales,Home,0.99,d21034,ffcc00,00ab39,,,,,,,,Wales,,,6_4_2,
com.flashforceapp.angershome,Club Soccer FR ğŸ‡«ğŸ‡·,366,Angers,Home,0.99,FFFFFF,000000,FFFFFF,000000,,,,,,,France,,,6_4_2_2,
com.flashforceapp.bastiahome,Club Soccer FR ğŸ‡«ğŸ‡·,367,Bastia,Home,0.99,004688,FFFFFF,,,,,,,,,France,,,6_4,
com.flashforceapp.bordeauxhome,Club Soccer FR ğŸ‡«ğŸ‡·,368,Bordeaux,Home,0.99,37425e,FFFFFF,963e3a,,,,,,,,France,,,6_4_2,
com.flashforceapp.lemanshome,Club Soccer FR ğŸ‡«ğŸ‡·,369,Lemans,Home,0.99,c10719,eab800,,,,,,,,,France,,,6_4,
com.flashforceapp.marseillehome,Club Soccer FR ğŸ‡«ğŸ‡·,370,Marseille,Home,0.99,FFFFFF,009ddc,,,,,,,,,France,,,6_4,
com.flashforceapp.monacohome,Club Soccer FR ğŸ‡«ğŸ‡·,371,Monaco,Home,0.99,ee2722,FFFFFF,,,,,,,,,France,,,4_4,
com.flashforceapp.nancyhome,Club Soccer FR ğŸ‡«ğŸ‡·,372,Nancy,Home,0.99,FFFFFF,e83726,,,,,,,,,France,,,6_2,
com.flashforceapp.nanteshome,Club Soccer FR ğŸ‡«ğŸ‡·,373,Nantes,Home,0.99,ffde00,106736,ffde00,106736,,,,,,,France,,,4_4_2_2,
com.flashforceapp.nicehome,Club Soccer FR ğŸ‡«ğŸ‡·,374,Nice,Home,0.99,7a1a2b,284495,7a1a2b,284495,,,,,,,France,,,4_4_2_2,
com.flashforceapp.olymlyonnaishome,Club Soccer FR ğŸ‡«ğŸ‡·,375,Olym Lyonnais,Home,0.99,FFFFFF,1b427b,95393a,,,,,,,,France,,,6_4_2,
com.flashforceapp.psghome,Club Soccer FR ğŸ‡«ğŸ‡·,376,PSG,Home,0.99,04274f,FFFFFF,ce1010,,,,,,,,France,,,6_4_2,
com.flashforceapp.renneshome,Club Soccer FR ğŸ‡«ğŸ‡·,377,Rennes,Home,0.99,FFFFFF,000000,e13327,,,,,,,,France,,,6_4_2,
com.flashforceapp.stetiennehome,Club Soccer FR ğŸ‡«ğŸ‡·,378,St Etienne,Home,0.99,00974a,FFFFFF,,,,,,,,,France,,,6_4,
com.flashforceapp.toulousehome,Club Soccer FR ğŸ‡«ğŸ‡·,379,Toulouse,Home,0.99,665599,FFFFFF,,,,,,,,,France,,,5_3,
com.flashforceapp.valencienneshome,Club Soccer FR ğŸ‡«ğŸ‡·,380,Valenciennes,Home,0.99,d71920,FFFFFF,,,,,,,,,France,,,6_2,
com.flashforceapp.americahome,Club Soccer MX ğŸ‡²ğŸ‡½,381,America,Home,0.99,fcee21,1c2c5b,,,,,,,,,Mexico,,,6_4,
com.flashforceapp.americaaway,Club Soccer MX ğŸ‡²ğŸ‡½,381,America,Away,0.99,1c2c5b,fcee21,,,,,,,,,Mexico,,,6_4,
com.flashforceapp.atlantehome,Club Soccer MX ğŸ‡²ğŸ‡½,382,Atlante,Home,0.99,1d1b51,6d0400,,,,,,,,,Mexico,,,4_4,
com.flashforceapp.chiapashome,Club Soccer MX ğŸ‡²ğŸ‡½,383,Chiapas,Home,0.99,005c46,FFFFFF,,,,,,,,,Mexico,,,6_2,
com.flashforceapp.cruzazulhome,Club Soccer MX ğŸ‡²ğŸ‡½,384,Cruz Azul,Home,0.99,06357a,FFFFFF,e31837,,,,,,,,Mexico,,,6_4_2,
com.flashforceapp.cruzazulaway,Club Soccer MX ğŸ‡²ğŸ‡½,384,Cruz Azul,Away,0.99,FFFFFF,06357a,e31837,,,,,,,,Mexico,,,6_4_2,
com.flashforceapp.c.d.guadalajarahome,Club Soccer MX ğŸ‡²ğŸ‡½,385,C.D. Guadalajara,Home,0.99,e11b22,FFFFFF,e11b22,FFFFFF,,,,,,,Mexico,,,6_4_2_2,
com.flashforceapp.c.d.guadalajaraaway,Club Soccer MX ğŸ‡²ğŸ‡½,385,C.D. Guadalajara,Away,0.99,00458c,e11b22,FFFFFF,,,,,,,,Mexico,,,6_4_2,
com.flashforceapp.leonhome,Club Soccer MX ğŸ‡²ğŸ‡½,386,Leon,Home,0.99,1b733b,FFFFFF,f1e223,,,,,,,,Mexico,,,6_4_2,
com.flashforceapp.leonaway,Club Soccer MX ğŸ‡²ğŸ‡½,386,Leon,Away,0.99,FFFFFF,1b733b,,,,,,,,,Mexico,,,6_4,
com.flashforceapp.monterreyhome,Club Soccer MX ğŸ‡²ğŸ‡½,387,Monterrey,Home,0.99,003366,FFFFFF,003366,FFFFFF,,,,,,,Mexico,,,6_4_2_2,
com.flashforceapp.monterreyaway,Club Soccer MX ğŸ‡²ğŸ‡½,387,Monterrey,Away,0.99,FFFFFF,003366,FFFFFF,003366,,,,,,,Mexico,,,6_4_2_2,
com.flashforceapp.moreliahome,Club Soccer MX ğŸ‡²ğŸ‡½,388,Morelia,Home,0.99,fae700,e22227,,,,,,,,,Mexico,,,5_3,
com.flashforceapp.pueblahome,Club Soccer MX ğŸ‡²ğŸ‡½,389,Puebla,Home,0.99,FFFFFF,1383c6,,,,,,,,,Mexico,,,5_3,
com.flashforceapp.pumashome,Club Soccer MX ğŸ‡²ğŸ‡½,390,Pumas,Home,0.99,a9975b,272d56,,,,,,,,,Mexico,,,6_4,
com.flashforceapp.pumasaway,Club Soccer MX ğŸ‡²ğŸ‡½,390,Pumas,Away,0.99,FFFFFF,a9975b,272d56,,,,,,,,Mexico,,,6_4_2,
com.flashforceapp.tigresuanlhome,Club Soccer MX ğŸ‡²ğŸ‡½,391,Tigres UANL,Home,0.99,f8af1f,1c53a0,,,,,,,,,Mexico,,,6_4,
com.flashforceapp.tigresuanlaway,Club Soccer MX ğŸ‡²ğŸ‡½,391,Tigres UANL,Away,0.99,FFFFFF,1c53a0,,,,,,,,,Mexico,,,6_4,
com.flashforceapp.tijuanahome,Club Soccer MX ğŸ‡²ğŸ‡½,392,Tijuana,Home,0.99,ed1b26,000000,,,,,,,,,Mexico,,,6_4,
com.flashforceapp.tijuanaaway,Club Soccer MX ğŸ‡²ğŸ‡½,392,Tijuana,Away,0.99,FFFFFF,ed1b26,000000,,,,,,,,Mexico,,,6_4_2,
com.flashforceapp.tolucahome,Club Soccer MX ğŸ‡²ğŸ‡½,393,Toluca,Home,0.99,e51636,FFFFFF,,,,,,,,,Mexico,,,6_4,
com.flashforceapp.tolucaaway,Club Soccer MX ğŸ‡²ğŸ‡½,393,Toluca,Away,0.99,FFFFFF,e51636,,,,,,,,,Mexico,,,6_4,
com.flashforceapp.unamhome,Club Soccer MX ğŸ‡²ğŸ‡½,394,UNAM,Home,0.99,202c56,ac965a,,,,,,,,,Mexico,,,6_4,
com.flashforceapp.veracruzhome,Club Soccer MX ğŸ‡²ğŸ‡½,395,Veracruz,Home,0.99,ea222c,18315a,FFFFFF,,,,,,,,Mexico,,,6_4_2,
com.flashforceapp.veracruzaway,Club Soccer MX ğŸ‡²ğŸ‡½,395,Veracruz,Away,0.99,18315a,FFFFFF,ea222c,,,,,,,,Mexico,,,6_4_2,
com.flashforceapp.borussiadortmundhome,Club Soccer DE ğŸ‡©ğŸ‡ª,396,Borussia Dortmund,Home,0.99,fde100,000000,,,,,,,,,Germany,,,6_4,
com.flashforceapp.borussiadortmundaway,Club Soccer DE ğŸ‡©ğŸ‡ª,396,Borussia Dortmund,Away,0.99,000000,fde100,,,,,,,,,Germany,,,6_4,
com.flashforceapp.borussiadortmundthird,Club Soccer DE ğŸ‡©ğŸ‡ª,396,Borussia Dortmund,Third,0.99,FFFFFF,fde100,000000,,,,,,,,Germany,,,6_4_2,
com.flashforceapp.bayernmunchenhome,Club Soccer DE ğŸ‡©ğŸ‡ª,397,Bayern Munchen,Home,0.99,ed1248,2e6abd,FFFFFF,,,,,,,,Germany,,,6_4_2,
com.flashforceapp.bayernmunchenaway,Club Soccer DE ğŸ‡©ğŸ‡ª,397,Bayern Munchen,Away,0.99,FFFFFF,ed1248,2e6abd,,,,,,,,Germany,,,6_4_2,
com.flashforceapp.bayernmunchenthird,Club Soccer DE ğŸ‡©ğŸ‡ª,397,Bayern Munchen,Third,0.99,2e6abd,ed1248,,,,,,,,,Germany,,,6_4,
com.flashforceapp.schalke04home,Club Soccer DE ğŸ‡©ğŸ‡ª,398,Schalke 04,Home,0.99,0060a9,FFFFFF,,,,,,,,,Germany,,,6_4,
com.flashforceapp.schalke04away,Club Soccer DE ğŸ‡©ğŸ‡ª,398,Schalke 04,Away,0.99,FFFFFF,0060a9,,,,,,,,,Germany,,,6_4,
com.flashforceapp.kolnhome,Club Soccer DE ğŸ‡©ğŸ‡ª,399,Koln,Home,0.99,FFFFFF,e02424,,,,,,,,,Germany,,,6_4,
com.flashforceapp.eintrachtfrankfurthome,Club Soccer DE ğŸ‡©ğŸ‡ª,400,Eintracht Frankfurt,Home,0.99,cc0000,000000,,,,,,,,,Germany,,,6_4,
com.flashforceapp.eintrachtfrankfurtaway,Club Soccer DE ğŸ‡©ğŸ‡ª,400,Eintracht Frankfurt,Away,0.99,FFFFFF,000000,,,,,,,,,Germany,,,6_4,
com.flashforceapp.bayerleverkusenhome,Club Soccer DE ğŸ‡©ğŸ‡ª,401,Bayer Leverkusen,Home,0.99,000000,e2001a,,,,,,,,,Germany,,,6_4,
com.flashforceapp.bayerleverkusenaway,Club Soccer DE ğŸ‡©ğŸ‡ª,401,Bayer Leverkusen,Away,0.99,FFFFFF,000000,e2001a,,,,,,,,Germany,,,6_4_2,
com.flashforceapp.vfbstuttgarthome,Club Soccer DE ğŸ‡©ğŸ‡ª,402,VfB Stuttgart,Home,0.99,FFFFFF,e32219,,,,,,,,,Germany,,,6_4,
com.flashforceapp.vfbstuttgartaway,Club Soccer DE ğŸ‡©ğŸ‡ª,402,VfB Stuttgart,Away,0.99,e32219,FFFFFF,,,,,,,,,Germany,,,6_4,
com.flashforceapp.vfbstuttgartthird,Club Soccer DE ğŸ‡©ğŸ‡ª,402,VfB Stuttgart,Third,0.99,000000,e32219,,,,,,,,,Germany,,,6_4,
com.flashforceapp.internazionalehome,Club Soccer IT ğŸ‡®ğŸ‡¹,403,Internazionale,Home,0.99,1266ab,000000,1266ab,000000,,,,,,,Italy,,,6_4_2_2,
com.flashforceapp.internazionaleaway,Club Soccer IT ğŸ‡®ğŸ‡¹,403,Internazionale,Away,0.99,FFFFFF,1266ab,000000,,,,,,,,Italy,,,6_4_2,
com.flashforceapp.fiorentinahome,Club Soccer IT ğŸ‡®ğŸ‡¹,404,Fiorentina,Home,0.99,420a92,FFFFFF,ce0000,,,,,,,,Italy,,,6_4_2,
com.flashforceapp.fiorentinaaway,Club Soccer IT ğŸ‡®ğŸ‡¹,404,Fiorentina,Away,0.99,FFFFFF,420a92,,,,,,,,,Italy,,,6_4,
com.flashforceapp.romahome,Club Soccer IT ğŸ‡®ğŸ‡¹,405,Roma,Home,0.99,b30838,f89728,,,,,,,,,Italy,,,6_4,
com.flashforceapp.romaaway,Club Soccer IT ğŸ‡®ğŸ‡¹,405,Roma,Away,0.99,FFFFFF,f89728,b30838,,,,,,,,Italy,,,6_4_2,
com.flashforceapp.palermohome,Club Soccer IT ğŸ‡®ğŸ‡¹,406,Palermo,Home,0.99,f7b7d3,000000,,,,,,,,,Italy,,,6_4,
com.flashforceapp.palermoaway,Club Soccer IT ğŸ‡®ğŸ‡¹,406,Palermo,Away,0.99,FFFFFF,000000,,,,,,,,,Italy,,,6_4,
com.flashforceapp.a.c.milanhome,Club Soccer IT ğŸ‡®ğŸ‡¹,407,A.C. Milan,Home,0.99,fb090b,000000,fb090b,000000,,,,,,,Italy,,,6_4_2_2,
com.flashforceapp.a.c.milanaway,Club Soccer IT ğŸ‡®ğŸ‡¹,407,A.C. Milan,Away,0.99,FFFFFF,fb090b,000000,,,,,,,,Italy,,,6_4_2,
com.flashforceapp.frosinonehome,Club Soccer IT ğŸ‡®ğŸ‡¹,408,Frosinone,Home,0.99,fed104,004393,,,,,,,,,Italy,,,6_4,
com.flashforceapp.genoahome,Club Soccer IT ğŸ‡®ğŸ‡¹,409,Genoa,Home,0.99,00295b,da2a36,,,,,,,,,Italy,,,6_4,
com.flashforceapp.laziohome,Club Soccer IT ğŸ‡®ğŸ‡¹,410,Lazio,Home,0.99,FFFFFF,15366f,,,,,,,,,Italy,,,6_4,
com.flashforceapp.lazioaway,Club Soccer IT ğŸ‡®ğŸ‡¹,410,Lazio,Away,0.99,FFFFFF,000000,87d8f7,d7a819,,,,,,,Italy,,,6_4_2_2,
com.flashforceapp.napolihome,Club Soccer IT ğŸ‡®ğŸ‡¹,411,Napoli,Home,0.99,59abe1,FFFFFF,,,,,,,,,Italy,,,6_4,
com.flashforceapp.napoliaway,Club Soccer IT ğŸ‡®ğŸ‡¹,411,Napoli,Away,0.99,000000,59abe1,2651a5,,,,,,,,Italy,,,6_4_2,
com.flashforceapp.juventushome,Club Soccer IT ğŸ‡®ğŸ‡¹,412,Juventus,Home,0.99,FFFFFF,000000,FFFFFF,000000,,,,,,,Italy,,,6_4_2_2,
com.flashforceapp.juventusaway,Club Soccer IT ğŸ‡®ğŸ‡¹,412,Juventus,Away,0.99,f799c0,000000,e6106c,FFFFFF,,,,,,,Italy,,,6_4_2_2,
com.flashforceapp.parmahome,Club Soccer IT ğŸ‡®ğŸ‡¹,413,Parma,Home,0.99,fed104,283c95,,,,,,,,,Italy,,,6_4,
com.flashforceapp.torinohome,Club Soccer IT ğŸ‡®ğŸ‡¹,414,Torino,Home,0.99,881f19,FFFFFF,,,,,,,,,Italy,,,6_4,
com.flashforceapp.udinesehome,Club Soccer IT ğŸ‡®ğŸ‡¹,415,Udinese,Home,0.99,000000,FFFFFF,,,,,,,,,Italy,,,6_4,
com.flashforceapp.bolognahome,Club Soccer IT ğŸ‡®ğŸ‡¹,416,Bologna,Home,0.99,114fa2,ec4336,,,,,,,,,Italy,,,6_4,
com.flashforceapp.bolognaaway,Club Soccer IT ğŸ‡®ğŸ‡¹,416,Bologna,Away,0.99,FFFFFF,ec4336,,,,,,,,,Italy,,,6_4,
com.flashforceapp.veronahome,Club Soccer IT ğŸ‡®ğŸ‡¹,417,Verona,Home,0.99,ffed00,172983,,,,,,,,,Italy,,,6_4,
com.flashforceapp.atleticomadridhome,Club Soccer ES ğŸ‡ªğŸ‡¸,418,Atletico Madrid,Home,0.99,d42e12,FFFFFF,,,,,,,,,Spain,,,6_4,
com.flashforceapp.barcelonahome,Club Soccer ES ğŸ‡ªğŸ‡¸,419,Barcelona,Home,0.99,a50044,004d98,a50044,004d98,,,,,,,Spain,,,6_4_2_2,
com.flashforceapp.barcelonaaway,Club Soccer ES ğŸ‡ªğŸ‡¸,419,Barcelona,Away,0.99,ffed02,004d98,ffed02,004d98,,,,,,,Spain,,,6_4_2_2,
com.flashforceapp.getafehome,Club Soccer ES ğŸ‡ªğŸ‡¸,420,Getafe,Home,0.99,185f9f,FFFFFF,,,,,,,,,Spain,,,,
com.flashforceapp.villarealhome,Club Soccer ES ğŸ‡ªğŸ‡¸,421,Villareal,Home,0.99,ffe667,005187,,,,,,,,,Spain,,,8_2,
com.flashforceapp.celtadevigoaway,Club Soccer ES ğŸ‡ªğŸ‡¸,422,Celta de Vigo,Away,0.99,8ac3ee,000000,8ac3ee,000000,,,,,,,Spain,,,6_4_2_2,
com.flashforceapp.espanyolhome,Club Soccer ES ğŸ‡ªğŸ‡¸,423,Espanyol,Home,0.99,1e6bc0,FFFFFF,,,,,,,,,Spain,,,6_4,
com.flashforceapp.espanyolaway,Club Soccer ES ğŸ‡ªğŸ‡¸,423,Espanyol,Away,0.99,ff1119,1e6bc0,FFFFFF,,,,,,,,Spain,,,6_4_2,
com.flashforceapp.deportivolacorunahome,Club Soccer ES ğŸ‡ªğŸ‡¸,424,Deportivo La Coruna,Home,0.99,0090c6,FFFFFF,,,,,,,,,Spain,,,6_4,
com.flashforceapp.deportivolacorunaaway,Club Soccer ES ğŸ‡ªğŸ‡¸,424,Deportivo La Coruna,Away,0.99,FFFFFF,afdcfd,db5232,000000,,,,,,,Spain,,,6_4_2_2,
com.flashforceapp.sevillahome,Club Soccer ES ğŸ‡ªğŸ‡¸,425,Sevilla,Home,0.99,FFFFFF,cb0f20,,,,,,,,,Spain,,,5_2,
com.flashforceapp.sportinggijonhome,Club Soccer ES ğŸ‡ªğŸ‡¸,426,Sporting Gijon,Home,0.99,e2001a,FFFFFF,1c42a5,,,,,,,,Spain,,,6_4_2,
com.flashforceapp.sportinggijonaway,Club Soccer ES ğŸ‡ªğŸ‡¸,426,Sporting Gijon,Away,0.99,e2001a,FFFFFF,,,,,,,,,Spain,,,6_4,
com.flashforceapp.rayovallecanohome,Club Soccer ES ğŸ‡ªğŸ‡¸,427,Rayo Vallecano,Home,0.99,FFFFFF,e32219,,,,,,,,,Spain,,,4_2,
com.flashforceapp.realbetishome,Club Soccer ES ğŸ‡ªğŸ‡¸,428,Real Betis,Home,0.99,00954c,FFFFFF,00954c,FFFFFF,,,,,,,Spain,,,6_4_2_2,
com.flashforceapp.realmadridhome,Club Soccer ES ğŸ‡ªğŸ‡¸,429,Real Madrid,Home,0.99,FFFFFF,ffb700,,,,,,,,,Spain,,,6_2,
com.flashforceapp.valladolidhome,Club Soccer ES ğŸ‡ªğŸ‡¸,430,Valladolid,Home,0.99,931b89,FFFFFF,,,,,,,,,Spain,,,6_4,
com.flashforceapp.valenciahome,Club Soccer ES ğŸ‡ªğŸ‡¸,431,Valencia,Home,0.99,e42219,FFFFFF,,,,,,,,,Spain,,,2_6,
com.flashforceapp.athleticbilbaohome,Club Soccer ES ğŸ‡ªğŸ‡¸,432,Athletic Bilbao,Home,0.99,FFFFFF,ee2523,FFFFFF,ee2523,,,,,,,Spain,,,6_4_2_2,
com.flashforceapp.athleticbilbaoaway,Club Soccer ES ğŸ‡ªğŸ‡¸,432,Athletic Bilbao,Away,0.99,000000,ee2523,,,,,,,,,Spain,,,6_4,
com.flashforceapp.realsociedadhome,Club Soccer ES ğŸ‡ªğŸ‡¸,433,Real Sociedad,Home,0.99,FFFFFF,143c8b,FFFFFF,143c8b,,,,,,,Spain,,,6_4_2_2,
com.flashforceapp.fluminensefchome,Club Soccer BR ğŸ‡§ğŸ‡·,434,Fluminense FC,Home,0.99,870a28,00613c,FFFFFF,,,,,,,,Brazil,,,6_4_2,
com.flashforceapp.fluminensefcaway,Club Soccer BR ğŸ‡§ğŸ‡·,434,Fluminense FC,Away,0.99,FFFFFF,870a28,00613c,,,,,,,,Brazil,,,6_4_2,
com.flashforceapp.cruzeiroechome,Club Soccer BR ğŸ‡§ğŸ‡·,435,Cruzeiro EC,Home,0.99,0059a0,ffffff,,,,,,,,,Brazil,,,6_4,
com.flashforceapp.cruzeiroecaway,Club Soccer BR ğŸ‡§ğŸ‡·,435,Cruzeiro EC,Away,0.99,ffffff,0059a0,,,,,,,,,Brazil,,,6_4,
com.flashforceapp.vascodagamahome,Club Soccer BR ğŸ‡§ğŸ‡·,436,Vasco da Gama,Home,0.99,000000,FFFFFF,e71e00,,,,,,,,Brazil,,,6_4_2,
com.flashforceapp.vascodagamaaway,Club Soccer BR ğŸ‡§ğŸ‡·,436,Vasco da Gama,Away,0.99,FFFFFF,000000,e71e00,,,,,,,,Brazil,,,6_4_2,
com.flashforceapp.gremiofootballportoalegrensehome,Club Soccer BR ğŸ‡§ğŸ‡·,437,Gremio Foot Ball Porto Alegrense,Home,0.99,0d80bf,1f1a17,FFFFFF,,,,,,,,Brazil,,,6_4_2,
com.flashforceapp.gremiofootballportoalegrenseaway,Club Soccer BR ğŸ‡§ğŸ‡·,437,Gremio Foot Ball Porto Alegrense,Away,0.99,FFFFFF,0d80bf,1f1a17,,,,,,,,Brazil,,,6_4_2,
com.flashforceapp.sccorinthiaspaulistahome,Club Soccer BR ğŸ‡§ğŸ‡·,438,SC Corinthias Paulista ,Home,0.99,FFFFFF,000000,,,,,,,,,Brazil,,,6_4,
com.flashforceapp.crflamengohome,Club Soccer BR ğŸ‡§ğŸ‡·,439,CR Flamengo,Home,0.99,ff0000,000000,FFFFFF,,,,,,,,Brazil,,,6_4_2,
com.flashforceapp.crflamengoaway,Club Soccer BR ğŸ‡§ğŸ‡·,439,CR Flamengo,Away,0.99,FFFFFF,000000,ff0000,,,,,,,,Brazil,,,6_4_2,
com.flashforceapp.sepalmeirashome,Club Soccer BR ğŸ‡§ğŸ‡·,440,SE Palmeiras,Home,0.99,006536,FFFFFF,,,,,,,,,Brazil,,,6_4,
com.flashforceapp.sepalmeirasaway,Club Soccer BR ğŸ‡§ğŸ‡·,440,SE Palmeiras,Away,0.99,FFFFFF,006536,,,,,,,,,Brazil,,,6_4,
com.flashforceapp.scinternacionalhome,Club Soccer BR ğŸ‡§ğŸ‡·,441,SC Internacional,Home,0.99,e5050f,ffffff,,,,,,,,,Brazil,,,6_4,
com.flashforceapp.scinternacionalaway,Club Soccer BR ğŸ‡§ğŸ‡·,441,SC Internacional,Away,0.99,ffffff,e5050f,,,,,,,,,Brazil,,,6_4,
com.flashforceapp.saopaulofchome,Club Soccer BR ğŸ‡§ğŸ‡·,442,Sao Paulo FC,Home,0.99,FFFFFF,fe0000,000000,,,,,,,,Brazil,,,6_4_2,
com.flashforceapp.saopaulofcaway,Club Soccer BR ğŸ‡§ğŸ‡·,442,Sao Paulo FC,Away,0.99,fe0000,000000,FFFFFF,,,,,,,,Brazil,,,6_4_2,
com.flashforceapp.botafogohome,Club Soccer BR ğŸ‡§ğŸ‡·,443,Botafogo,Home,0.99,000000,FFFFFF,000000,FFFFFF,,,,,,,Brazil,,,6_4_4_2,
com.flashforceapp.corinthianshome,Club Soccer BR ğŸ‡§ğŸ‡·,444,Corinthians,Home,0.99,000000,FFFFFF,000000,FFFFFF,,,,,,,Brazil,,,2_6_2_4,
com.flashforceapp.coritibahome,Club Soccer BR ğŸ‡§ğŸ‡·,445,Coritiba,Home,0.99,00544d,FFFFFF,,,,,,,,,Brazil,,,6_4,
com.flashforceapp.fortalezahome,Club Soccer BR ğŸ‡§ğŸ‡·,446,Fortaleza,Home,0.99,0d5aa5,FFFFFF,e31d1a,,,,,,,,Brazil,,,4_2_4,
com.flashforceapp.guaranihome,Club Soccer BR ğŸ‡§ğŸ‡·,447,Guarani,Home,0.99,FFFFFF,006c51,,,,,,,,,Brazil,,,6_2,
com.flashforceapp.arsenaldesarandihome,Club Soccer AR ğŸ‡¦ğŸ‡·,448,Arsenal de Sarandi,Home,0.99,1d9dce,e91a21,,,,,,,,,Argentina,,,6_4,
com.flashforceapp.belgranohome,Club Soccer AR ğŸ‡¦ğŸ‡·,449,Belgrano,Home,0.99,84d7e9,FFFFFF,,,,,,,,,Argentina,,,6_4,
com.flashforceapp.bocajuniorshome,Club Soccer AR ğŸ‡¦ğŸ‡·,450,Boca Juniors,Home,0.99,00458a,fcb000,00458a,fcb000,,,,,,,Argentina,,,6_4_2_2,
com.flashforceapp.bocajuniorsaway,Club Soccer AR ğŸ‡¦ğŸ‡·,450,Boca Juniors,Away,0.99,FFFFFF,00458a,fcb000,,,,,,,,Argentina,,,6_4_2,
com.flashforceapp.godoycruzhome,Club Soccer AR ğŸ‡¦ğŸ‡·,451,Godoy Cruz,Home,0.99,3d53cb,FFFFFF,,,,,,,,,Argentina,,,6_4,
com.flashforceapp.huracanhome,Club Soccer AR ğŸ‡¦ğŸ‡·,452,Huracan,Home,0.99,FFFFFF,ed0000,,,,,,,,,Argentina,,,6_4,
com.flashforceapp.sanlorenzohome,Club Soccer AR ğŸ‡¦ğŸ‡·,453,San Lorenzo,Home,0.99,005096,ea1d25,005096,ea1d25,,,,,,,Argentina,,,6_4_2_2,
com.flashforceapp.sanlorenzoaway,Club Soccer AR ğŸ‡¦ğŸ‡·,453,San Lorenzo,Away,0.99,FFFFFF,ea1d25,FFFFFF,ea1d25,,,,,,,Argentina,,,6_4_2_2,
com.flashforceapp.sanmartinsjhome,Club Soccer AR ğŸ‡¦ğŸ‡·,454,San Martin SJ,Home,0.99,3ea03a,000000,3ea03a,000000,,,,,,,Argentina,,,6_4_2_2,
com.flashforceapp.rosariocentralhome,Club Soccer AR ğŸ‡¦ğŸ‡·,455,Rosario Central,Home,0.99,fcca19,142a6d,fcca19,142a6d,,,,,,,Argentina,,,6_4_2_2,
com.flashforceapp.rosariocentralaway,Club Soccer AR ğŸ‡¦ğŸ‡·,455,Rosario Central,Away,0.99,FFFFFF,fac919,FFFFFF,fac919,,,,,,,Argentina,,,6_4_2_2,
com.flashforceapp.independientehome,Club Soccer AR ğŸ‡¦ğŸ‡·,456,Independiente,Home,0.99,e2001a,000000,,,,,,,,,Argentina,,,6_4,
com.flashforceapp.independienteaway,Club Soccer AR ğŸ‡¦ğŸ‡·,456,Independiente,Away,0.99,FFFFFF,e2001a,,,,,,,,,Argentina,,,6_4,
com.flashforceapp.racingclubhome,Club Soccer AR ğŸ‡¦ğŸ‡·,457,Racing Club,Home,0.99,029cdc,ffffff,029cdc,ffffff,,,,,,,Argentina,,,6_4_2_2,
com.flashforceapp.racingclubaway,Club Soccer AR ğŸ‡¦ğŸ‡·,457,Racing Club,Away,0.99,000000,00273e,000000,00273e,,,,,,,Argentina,,,6_4_2_2,
com.flashforceapp.colonhome,Club Soccer AR ğŸ‡¦ğŸ‡·,458,Colon,Home,0.99,000000,e1171d,,,,,,,,,Argentina,,,4_4,
com.flashforceapp.riverplatehome,Club Soccer AR ğŸ‡¦ğŸ‡·,459,River Plate,Home,0.99,FFFFFF,eb2734,,,,,,,,,Argentina,,,6_4,
com.flashforceapp.riverplateaway,Club Soccer AR ğŸ‡¦ğŸ‡·,459,River Plate,Away,0.99,eb2734,FFFFFF,000000,,,,,,,,Argentina,,,6_4_2,
com.flashforceapp.estudianteslaplatahome,Club Soccer AR ğŸ‡¦ğŸ‡·,460,Estudiantes La Plata,Home,0.99,ff0000,FFFFFF,ff0000,FFFFFF,,,,,,,Argentina,,,6_4_2_2,
com.flashforceapp.estudianteslaplataaway,Club Soccer AR ğŸ‡¦ğŸ‡·,460,Estudiantes La Plata,Away,0.99,414141,ff0000,414141,ff0000,,,,,,,Argentina,,,6_4_2_2,
com.flashforceapp.newellsoldboyshome,Club Soccer AR ğŸ‡¦ğŸ‡·,461,Newells Old Boys,Home,0.99,e5231e,000000,FFFFFF,,,,,,,,Argentina,,,6_4_2,
com.flashforceapp.newellsoldboysaway,Club Soccer AR ğŸ‡¦ğŸ‡·,461,Newells Old Boys,Away,0.99,FFFFFF,e5231e,000000,,,,,,,,Argentina,,,6_4_2,
com.flashforceapp.argentinosjuniorshome,Club Soccer AR ğŸ‡¦ğŸ‡·,462,Argentinos Juniors,Home,0.99,FFFFFF,fb0b0e,FFFFFF,fb0b0e,,,,,,,Argentina,,,6_4_2_2,
com.flashforceapp.argentinosjuniorsaway,Club Soccer AR ğŸ‡¦ğŸ‡·,462,Argentinos Juniors,Away,0.99,fb0b0e,FFFFFF,fb0b0e,FFFFFF,,,,,,,Argentina,,,6_4_2_2,
com.flashforceapp.tigrehome,Club Soccer AR ğŸ‡¦ğŸ‡·,463,Tigre ,Home,0.99,2e2979,c91f28,,,,,,,,,Argentina,,,6_4,
com.flashforceapp.velezsarfieldhome,Club Soccer AR ğŸ‡¦ğŸ‡·,464,Velez Sarfield,Home,0.99,FFFFFF,2b4e8b,,,,,,,,,Argentina,,,6_4,
com.flashforceapp.velezsarfieldaway,Club Soccer AR ğŸ‡¦ğŸ‡·,464,Velez Sarfield,Away,0.99,2b4e8b,FFFFFF,,,,,,,,,Argentina,,,6_4,
com.flashforceapp.arsenalhome,Club Soccer UK ğŸ‡¬ğŸ‡§,465,Arsenal,Home,0.99,ef0107,FFFFFF,,,,,,,,,UK,,,6_2,
com.flashforceapp.chelseahome,Club Soccer UK ğŸ‡¬ğŸ‡§,466,Chelsea,Home,0.99,034694,FFFFFF,,,,,,,,,UK,,,7_2,
com.flashforceapp.leicesterhome,Club Soccer UK ğŸ‡¬ğŸ‡§,467,Leicester,Home,0.99,2143be,FFFFFF,,,,,,,,,UK,,,6_2,
com.flashforceapp.liverpoolhome,Club Soccer UK ğŸ‡¬ğŸ‡§,468,Liverpool,Home,0.99,d2131a,FFFFFF,,,,,,,,,UK,,,6_2,
com.flashforceapp.manchestercityhome,Club Soccer UK ğŸ‡¬ğŸ‡§,469,Manchester City,Home,0.99,000000,5cbfeb,,,,,,,,,UK,,,2_6,
com.flashforceapp.manchesterunitedhome,Club Soccer UK ğŸ‡¬ğŸ‡§,470,Manchester United,Home,0.99,FFFFFF,db0811,000000,,,,,,,,UK,,,2_6_2,
com.flashforceapp.newcastlehome,Club Soccer UK ğŸ‡¬ğŸ‡§,471,Newcastle,Home,0.99,FFFFFF,000000,FFFFFF,000000,,,,,,,UK,,,4_4_2_2,
com.flashforceapp.tottenhamhome,Club Soccer UK ğŸ‡¬ğŸ‡§,472,Tottenham,Home,0.99,FFFFFF,001c58,,,,,,,,,UK,,,6_2,
com.flashforceapp.chicagofirehome,Club Soccer USA ğŸ‡ºğŸ‡¸,473,Chicago Fire,Home,0.99,ce1432,FFFFFF,00215b,,,,,,,,USA,,,4_4_2,
com.flashforceapp.coloradorapidshome,Club Soccer USA ğŸ‡ºğŸ‡¸,474,Colorado Rapids,Home,0.99,960a2c,FFFFFF,,,,,,,,,USA,,,6_2,
com.flashforceapp.columbuscrewhome,Club Soccer USA ğŸ‡ºğŸ‡¸,475,Columbus Crew,Home,0.99,fff200,000000,,,,,,,,,USA,,,6_4,
com.flashforceapp.dcunitedhome,Club Soccer USA ğŸ‡ºğŸ‡¸,476,DC United,Home,0.99,FFFFFF,ff1919,,,,,,,,,USA,,,7_3,
com.flashforceapp.fcdallashome,Club Soccer USA ğŸ‡ºğŸ‡¸,477,FC Dallas,Home,0.99,e81f3e,FFFFFF,2a4076,,,,,,,,USA,,,6_2_4,
com.flashforceapp.houstondynamohome,Club Soccer USA ğŸ‡ºğŸ‡¸,478,Houston Dynamo,Home,0.99,f68712,FFFFFF,,,,,,,,,USA,,,5_3,
com.flashforceapp.kansascitysportinghome,Club Soccer USA ğŸ‡ºğŸ‡¸,479,Kansas City Sporting,Home,0.99,002a5c,FFFFFF,,,,,,,,,USA,,,4_4,
com.flashforceapp.lagalaxyhome,Club Soccer USA ğŸ‡ºğŸ‡¸,480,LA Galaxy,Home,0.99,FFFFFF,00245d,ffd900,,,,,,,,USA,,,4_6_2,
com.flashforceapp.nymetrostarshome,Club Soccer USA ğŸ‡ºğŸ‡¸,481,NY MetroStars,Home,0.99,000000,c92931,f5d824,,,,,,,,USA,,,4_4_2,
com.flashforceapp.montrealimpacthome,Club Soccer USA ğŸ‡ºğŸ‡¸,482,Montreal Impact,Home,0.99,FFFFFF,065cab,000000,,,,,,,,USA,,,5_3_2,
com.flashforceapp.newenglandrevolutionhome,Club Soccer USA ğŸ‡ºğŸ‡¸,483,New England Revolution,Home,0.99,df3c3f,FFFFFF,,,,,,,,,USA,,,5_2,
com.flashforceapp.newyorkredbullshome,Club Soccer USA ğŸ‡ºğŸ‡¸,484,New York Red Bulls,Home,0.99,ed1e36,fabb23,FFFFFF,,,,,,,,USA,,,4_2_6,
com.flashforceapp.philadelphiaunionhome,Club Soccer USA ğŸ‡ºğŸ‡¸,485,Philadelphia Union,Home,0.99,b38708,002d55,,,,,,,,,USA,,,4_4,
com.flashforceapp.portlandtimbershome,Club Soccer USA ğŸ‡ºğŸ‡¸,486,Portland Timbers,Home,0.99,004711,FFFFFF,,,,,,,,,USA,,,6_2,
com.flashforceapp.realsaltlakehome,Club Soccer USA ğŸ‡ºğŸ‡¸,487,Real Salt Lake,Home,0.99,f1cb00,b30838,,,,,,,,,USA,,,2_6,
com.flashforceapp.sanjoseearthquakeshome,Club Soccer USA ğŸ‡ºğŸ‡¸,488,San Jose Earthquakes,Home,0.99,000000,0067b1,,,,,,,,,USA,,,2_6,
com.flashforceapp.seattlesoundershome,Club Soccer USA ğŸ‡ºğŸ‡¸,489,Seattle Sounders,Home,0.99,5d9741,005595,,,,,,,,,USA,,,6_2,
com.flashforceapp.torontohome,Club Soccer USA ğŸ‡ºğŸ‡¸,490,Toronto,Home,0.99,FFFFFF,e31937,,,,,,,,,USA,,,3_6,
com.flashforceapp.vancouverwhitecapshome,Club Soccer USA ğŸ‡ºğŸ‡¸,491,Vancouver Whitecaps,Home,0.99,001945,FFFFFF,,,,,,,,,USA,,,2_6,
com.flashforceapp.armystandard,USA Causes ğŸ‡ºğŸ‡¸,492,Army,Standard,0,000000,FFCB05,FFFFFF,,,,,,,,USA ğŸ‡ºğŸ‡¸,,,6_4_2,
com.flashforceapp.navystandard,USA Causes ğŸ‡ºğŸ‡¸,493,Navy,Standard,0,003F87,FCB514,,,,,,,,,USA ğŸ‡ºğŸ‡¸,,,6_4,
com.flashforceapp.airforcestandard,USA Causes ğŸ‡ºğŸ‡¸,494,Air Force,Standard,0,00308F,FFFFFF,,,,,,,,,USA ğŸ‡ºğŸ‡¸,,,6_4,
com.flashforceapp.marinesstandard,USA Causes ğŸ‡ºğŸ‡¸,495,Marines,Standard,0,CC0000,CC9900 ,,,,,,,,,USA ğŸ‡ºğŸ‡¸,,,6_4,
com.flashforceapp.coastguardstandard,USA Causes ğŸ‡ºğŸ‡¸,496,Coast Guard,Standard,0,FFFFFF,001489,BA0C2F,,,,,,,,USA ğŸ‡ºğŸ‡¸,,,6_4_2,
com.flashforceapp.democraticpartystandard,USA Causes ğŸ‡ºğŸ‡¸,497,Democratic Party,Standard,0.99,0000FF,FFFFFF,,,,,,,,,USA ğŸ‡ºğŸ‡¸,,,6_4,
com.flashforceapp.republicanpartystandard,USA Causes ğŸ‡ºğŸ‡¸,498,Republican Party,Standard,0.99,FF0000,FFFFFF,,,,,,,,,USA ğŸ‡ºğŸ‡¸,,,6_4,
com.flashforceapp.libertarianpartystandard,USA Causes ğŸ‡ºğŸ‡¸,499,Libertarian Party,Standard,0.99,DCB732,FFFFFF,,,,,,,,,USA ğŸ‡ºğŸ‡¸,,,6_4,
com.flashforceapp.greenpartystandard,USA Causes ğŸ‡ºğŸ‡¸,500,Green Party,Standard,0.99,0BDA51,FFFFFF,,,,,,,,,USA ğŸ‡ºğŸ‡¸,,,6_4,
com.flashforceapp.californiahighschoolsranchobuenavista,Schools ğŸ“,501,California High Schools,Rancho Buena Vista,0.99,800000,c0c0c0,,,,,,,,,USA ğŸ‡ºğŸ‡¸,,,6_4,
com.flashforceapp.californiahighschoolsvista,Schools ğŸ“,501,California High Schools,Vista,0.99,ff0000,000000,FFFFFF,,,,,,,,USA ğŸ‡ºğŸ‡¸,,,6_4_2,
com.flashforceapp.californiahighschoolsoceanside,Schools ğŸ“,501,California High Schools,Oceanside,0.99,33781f,000000,,,,,,,,,USA ğŸ‡ºğŸ‡¸,,,6_4,
com.flashforceapp.californiahighschoolselcamino,Schools ğŸ“,501,California High Schools,El Camino,0.99,2b1615,f3c518,,,,,,,,,USA ğŸ‡ºğŸ‡¸,,,6_4,
com.flashforceapp.californiahighschoolscarlsbad,Schools ğŸ“,501,California High Schools,Carlsbad,0.99,800080,000000,FFFFFF,FFFF00,,,,,,,USA ğŸ‡ºğŸ‡¸,,,6_4_2_2,
com.flashforceapp.californiahighschoolshthnorthcounty,Schools ğŸ“,501,California High Schools,HTH North County,0.99,0000FF,808080,FFFFFF,FFFF00,,,,,,,USA ğŸ‡ºğŸ‡¸,,,6_4_2_2,
com.flashforceapp.californiahighschoolssanmarcos,Schools ğŸ“,501,California High Schools,San Marcos,0.99,000080,C4D8E2,C0C0C0,,,,,,,,USA ğŸ‡ºğŸ‡¸,,,6_4_2,
com.flashforceapp.californiahighschoolsescondido,Schools ğŸ“,501,California High Schools,Escondido,0.99,FFA500,000000,,,,,,,,,USA ğŸ‡ºğŸ‡¸,,,6_4,
com.flashforceapp.californiahighschoolsorangeglen,Schools ğŸ“,501,California High Schools,Orange Glen,0.99,FF0000,FFFFFF,0000FF,,,,,,,,USA ğŸ‡ºğŸ‡¸,,,6_4_2,
com.flashforceapp.californiahighschoolslacostacanyon,Schools ğŸ“,501,California High Schools,La Costa Canyon,0.99,11772d,FFFFFF,0000FF,FFD700,,,,,,,USA ğŸ‡ºğŸ‡¸,,,6_4_2_2,
com.flashforceapp.californiahighschoolspoway,Schools ğŸ“,501,California High Schools,Poway,0.99,006d00,FFFFFF,,,,,,,,,USA ğŸ‡ºğŸ‡¸,,,6_4,
com.flashforceapp.californiahighschoolsranchobernardo,Schools ğŸ“,501,California High Schools,Rancho Bernardo,0.99,1954C7,FFFFFF,c0c0c0,,,,,,,,USA ğŸ‡ºğŸ‡¸,,,6_4_2,